class, imageName
114, dry1d/rsync
115, pascosoftware/education_xenial
115, misenko/bio-class-gaa
115, misenko/bio-class-age
115, onlybelter/bio-info
115, lucj/dct
115, aleixsanchis/elasticspark
115, lidocker/fridge
115, enjoy1work/jhubresearch
115, lucj/trustedubuntu
115, paulohenrique/webserver
115, josuefernandezm/mailj
115, tomegathericon/mailpile
115, veiasai/tiger
115, steve21168/example-docker-node-app
115, tshepotema/ringa
115, dciobanu/java
115, yeungdb/marsyas
115, yeweiandy/dockerwrite
115, tqhuy812/tsp
115, aarongary/tsvloader
115, trowawayac/make_java
115, manamanmana/ubuntu-std-dev-env
115, yifeif/tensorflow
115, jkitti/inclass8
115, enwolny/node
115, binderhubovh/ovhbhub-hunters-2dforge-2dmordor-cf2bad
115, rtrusky/mssql
115, xiaoyuguo/final
115, xiaoyuguo/myubuntu
115, xiaoyuguo/info_server
321, dawidopteam13/cas
436, ricktankard/bio-str-exstra
437, canopyccfdocker/azure-bosh2-cf
116, sokkanen/feedback
63, ovatsia/sdxmenuv2
63, huayiwang/tr3
63, kristoyoyo/mailjet-sender
63, vemundfredriksen/testrepo
63, vigneshs28/backend
64, goos7/rss-page
236, altermeister/bio-ontology-ontology-tutorial-docker
236, jawhhcib/bio-ontology-tut.v0.1
236, veknet/mlaas4hep
0, enjoei/ruby-ci-2.5.1-alpine3.7
0, enjoei/ruby-2.4.2
0, enjoei/ruby-2.5.1
0, enjoei/ruby
0, enjoei/ruby-2.5.0
0, lucro/rails-build
0, yigittanverdi/dockercoins_hasher
0, rtrevino821/dockercoins_hasher
446, chavon/binco-app
446, lucj/messages
446, gkarnati/maildev
446, bbencivenga/maildev
446, frifos/dc-todo-api
446, frifos/node-api
446, frifos/dc-coffee-api
446, frifos/acdc-2019-node
446, lucvk/nodeapp
446, friie/angular4
446, joberdick/example-apiserver
446, muhgumus/serve
446, bitandbang/step-by-step-express-workshop
446, veiv/cloudcomputinggroup40
446, veimis/node-test-app
446, frillizard/octoshark-timestamp
446, frillizard/octoshark-users
446, camboio/tsb-web-app
446, pipo02mix/example-app
446, maritxis2017/bitdefender
446, tisi/example-backend
446, deanshelton913/example-business-logic
446, friscop3t3/multi-worker
446, luizao/ci-builder
446, forsyphilis/price-checker-telegram-bot
446, yigitpolat/webinar
446, bitpod/pre-instanceproxy
446, bitpod/prod-appdesigner
446, yihengchen/mulit-server
446, californian/enwiki-test
446, jamma/wechat
446, mhnyp/alpine-node-setup
446, rtrevino821/ddev_ui
446, jacksilky13/jwtapp
446, kefliyuksel/accounts
446, cheis/multi-worker
446, cheis/multi-server
384, biocontainers/bio-tradis
384, biocontainers/bio-rainbow
463, kaikousa/hello
108, jgredecka/bio782p
108, rturner92/bio782p
108, daisuke88/bio-rocker
1, enjoyithub/enjoy_oa_api
1, enjoyithub/enjoy-crm30-customer-service
1, enjoyithub/enjoy-crm30-api-service
1, enjoyithub/enjoy-crm30-service-service
1, enjoyithub/enjoy-crm30-card-service
1, enjoyithub/enjoy-crm30-datacenter-service
1, enjoyithub/enjoy-crm30-global-service
1, enjoyithub/enjoy-crm30-coupon-service
1, enjoyithub/enjoy-crm30-market-service
1, enjoyithub/enjoy-crm30-cardstock-service
1, skwasiborski/example-dotnet
1, fritzblignaut/ppreports
1, dcurrotto/dot-net-simple-api
1, dcurrotto/dot-net-simple
1, fauser78/xellentdockertest
412, resolwe/bio-linux8-resolwe-preview
412, resolwe/bio-linux8-resolwe
412, enjoythestream/logdata
412, enjoythestream/dbdata
412, enjoythestream/blog_transgeneracional_data
412, ttndfame/java8
2, enjoyithub/enjoy_identityserver
117, mayconfsbrito/bio-php-fpm-prod
117, mayconfsbrito/bio-php-fpm-dev
117, mayconfsbrito/bio-php-cli-prod
117, kbaland/mailhog
117, tsvgos/laravel-deploy
118, starz/esp-rtos
351, fridamsh/get-started
351, fridewald/get-started
351, lucx15/get-started
351, enkelli/demo
351, enkejill/get-started
351, luinz/get-started
351, caifenglucky/frilo
351, mailprobe/get-started
351, luirro777/probando
351, bitdegree99/get-started
351, veilance/get-started
351, dciangot/lookup
351, vemahendran/get-started
351, vemuruadi/python-start
351, dciangot/sosc2018myapp
351, vemulapalliarun/docker-sample
351, tsvetomri/ecap_hello
351, yidoukeji/get_start
351, frojasolis/mydemoapp
351, dcull91/hello-world
351, tthttl/get-started
351, tthou/test
351, tthuy/get-started
351, tthomasson/get-started
351, bencarrington07/friendlyello
351, vishvadocker33/friendlydocker
351, density25/friendlyello
351, a5his/aws-training
351, arclupin/get-started
351, wordian/hello
351, rtrudeau124/get-started
351, ghenze15/workrepository
352, icra2018/bio-ik
3, enjoythestream/mysql
464, lucj/alpine-curl
464, lucj/curl
464, lucj/my-alpine
233, fgoebels/bio-epic
233, ziff/notebook
233, russelljarvis/network_unit_opt
447, lucj/kernelci-log
23, lucjohnson/catnip
23, lucj/chinese-practice
465, fridapolished/node
465, fridaytech/udex-app-web
465, awjh/vehicle-manufacture-iot-extension-manufacturer
465, lucpas/fibo-worker
465, awjh/vehicle-manufacture-iot-extension-insurer
465, luirangel/node-replicas
465, frishi/analytics-service
465, frismaury/ipos-api
465, bitpod/dev-designerapi
465, yigityilmaz/multi-server
465, bitpod/preprod-baasinstance
465, bitpod/preprod-designerapi
465, softwaregroup/impl-docker
465, maniodev/multi-server
465, maniodev/multi-worker
322, vijayshilekar/bio-hrms
322, tcftcf/mysql
413, enjoythestream/store_gitlab
413, enjoythestream/store-store
413, dciacoe/javahelloworld
413, whitestack/odl
413, coolsvap/ubuntu-binary-aodh-api
424, fridel/java
119, dgirish/bio-notebook
119, enjelastic/ubuntu
119, illumination27/bio-notebook
119, mailnsa/test_git
119, veimox/qtc
119, frisys2017/my-first-repo
119, mainah/ubuntu_with_vim
119, tthhee/ubuntu18.04
119, axsauze/seldon-deploy
119, enwordpass/docker
207, lucj/sophia.events
207, lucj/labs
207, lucj/www.sophia.events
207, trtruscott/linux_tweet_app
207, mailpostman/linux_tweet_app
207, mailpostman/linux_tweer_app
207, cvcloud/example-application
207, sammy666/bithunter_frontend
207, enmand/hlnr-test
207, yeungzed/nearby_frontend
207, tsveti359/multi-nginx
207, vexs/glittergang
207, implantainformatica/nginx
207, dcurso/multi-nginx
207, froliol/nginx
207, kefeh/mine
207, holygrailgames/hgs-nginx
466, lucj/jq
65, moinfar/bio-py-base
66, enjeyw/sempo-circleci-prebuild
66, lowmem0ry/viinet-app-service
438, lucj/iot-collector
414, moinfar/bio-deep-python
194, kr7ysztof/keycloak-it
194, yerodriguez/keycloak
194, a1academia/amaas-wildfly
385, klyno/friday.horse
439, bromberglab/bio-node-webserver
467, enjoei/imgproxy-base
443, heliumdatacommons/bio-tools
425, fridon/sentiment-analysis-frontend
425, dcedev/sat-mono_server_load-balancer
425, lucpas/fibo-nginx
425, yepez1997/platform-frontend
425, luirro777/nginx_modificado
425, vasyakrg/nginx
425, yigitpolat/newhorizons-frontend
425, manavshrivastava/nginx
425, ttnops/ttn_proxy
425, ttnops/ttn_rnd_web
425, maniengg/mastni
425, maniodev/multi-client
425, dgpdevops/nginximage
425, cheis/multi-nginx
24, lucj/message-app
24, yerome27/server-nodejs-backend
24, vesameskanen/pelias-api
24, yianisn/aservice
324, fridex/thoth-solver-fc27-2
324, fridex/thoth-solver-fc27-1
4, enjoythestream/nginx
468, qba73/fridaydemo
468, lucperkins/strato
468, lucperkins/purple-http
468, veinya/lyftlimiter
468, yiannisgkoufas/nested_docker
468, frodehus/brigade-api
468, vifoggy/rudder
468, desaiy/example-scratch
504, rahmnathan/fridge-manager
105, lucjanbucher/streuner-server
105, tthttl/petclinic-client
105, vigohe/pcc-web
105, glasnostic/jwt-apache-auth
67, lucj/db-op
386, forekshub/mongodb-mms-agent
469, lucj/iot-simulator
469, ddazza/slack-notification
354, lincstack/fridolean
354, kid75/example-app
354, spendbch/bitd
354, polarsquad/example-backend
354, vemular1/node-test
354, jamesho287/ravintolafit_webapp
120, arullaldivakar/kafka-monitor
355, madhurireddy/bio-image
355, yepaoxixi/blog
355, atomistplay/tr3
355, atomistplay/tr5
355, atomistplay/tr9
355, atomistplay/tr7
355, navikt/veiviserarbeidsgiver
355, navikt/veilarbdemo
355, bitjourney/plantuml-service
355, squillace/example-spring-boot
355, manickamsw/sw-jenkins
355, manirathnam/newspringboot
5, seannguyen/maildog-build-base
106, bromberglab/bio-node-docs
106, bromberglab/bio-node-webclient
356, lucj/kernelci-proxy-backend
356, vemmadi88/wesbite
356, vemmadi88/static-site1
356, yetma/medu-nginx
121, fridayisgood/test
121, arifb/trtml
121, xyzzhangfan/qflow
121, mailjky/ubuntu-withnodejs
121, steven0129/fasttext
121, luijo265/ubuntu_test
121, yexianga/test
121, froggling/myapp
121, tthhee/test
121, manavtidhan/ubuntu
121, r00ta/speedrun001
121, manavtidhan/host
121, manav50055/first_repo
121, manio143/ubuntuair
121, ddnirvana/catalyzer-testenv-scaletest
121, zydiii/wordladder
357, enjoythestream/blog_transgeneracional
6, lucj/nodebb
6, yikaicao/node-express-app
7, enjaybaze/cory_aspcore
358, fridel/custum_jenkins
358, dios71/renta-car
358, luit0101/report-run
358, vemcompy/jnlp-slave
358, vemuri4mounika/student_service
358, tsvetelinppetrov/fmi
358, vietwow/new_jenkins
358, manicode/jenkins-dind
359, frifos/kafkaproducertest
359, yeonasvt/jhipster-project
359, veill/spark-2.1.1-bin-hadoop2.6
359, alexandregama/mailler
359, lbaeumer/luijenkins
359, tsbonde/dockerimage_tomcat8
359, veiasai/kafka-console
359, yeriomin/play-store-token-dispenser
359, frinx/sbe-jenkins-ssh-slave
359, vembubalaji/demoapp1
359, yetanothercandidate/analysis-report
359, vemanath/vemanath.kotamreddy_tomcat8
359, mainakmandal/callerservice
359, mainakmandal/callme-service
359, bandura/example-restaurants
359, frootdock/atlassian-jira
359, enricofrigo/javahelloworld
359, yihongwang/janusgraph-server
359, huangliang/example-service
359, songhan573/enwiki-solr
359, duese/javaimage
359, arvindkandhare/localdl
359, abhijitkottur/spring-boot-ws
426, psalguero/bio-host
426, yepez1997/alectiowebsite2.0
426, yepez1997/alectio-website
426, veily/liwei
426, dcurrotto/nginx-angular
122, acrinklaw/bio-arc
427, lucj/shell
8, cassianoalves/bio-sonar
360, fridel/my-fisrtimage
360, sdtim/testing
360, yernyee/yyrepo
360, tsdeng/get-started
360, vemgiovannivecchi/get-started
360, yetest/learn
360, aseyori/frist-image
360, luk355/test
360, yiadh/pyapp
360, ttbarnes/hello-world
360, tthai1/helloworld
360, rtravitz/get-started
360, holyoaks/get-started
306, enjoydocker/gatos
306, dcussen/myfirstapp
449, lucj/swarm-rafttool
449, mesterlum/bio-fake-api
449, mseoss/elasticsnapshot
449, tweedybirdloc/example-app
449, arwin/example-app
449, yepinf/golang
449, redisbench/tsbs
449, yigalirani2/go-server3
449, yigalirani2/go-server2
449, vifoggy/serviceb
449, vifoggy/servicec
449, cocoon/basedns
123, krishnadasari610/bio-config-setup
440, lucj/api.sophia.events
440, vespakoen/tiles
440, enquos/statsd
361, lucj/autopilotpattern-mongodb
505, lucj/autopilotpattern-rabbitmq
124, rapiscansystems/bio-app
125, alexwitt23/trt_base
125, enlipleai/pytorch
362, enkimichel/instagras-commentaire-ws
362, friitas/airbnb-server
362, yeppao/react-test
362, yerzhanserikbay/simple-http
362, luirangel914/react-docker
362, matthiasbaldi/node-demo
362, dcedev/sat-mono_server1
362, rampb/tsdemo
362, manavalanr619/front
362, villalobos98/hgop
362, wuchienhsin01/k8s-demo
126, 4reallive/trtl-daemon
470, lucro/drone-slack
470, lucro/drone-sftp-cache
25, yeonghunnam/kafka-zookeeper-0-8
68, yeongjoon/ner
450, lucro/drone-ecr
162, kumarsarath588/larvel-demo
364, qbeseguros/vehiculos
364, filiptepper/dynamodb-inmemory
364, veiasai/kafka
364, veksi/veikko_tomcat8
364, yewhuat/cmdbuild
364, tsvisk2017/tomcat_https
364, tthakur/favouriteservice
364, tthakur/matchrecommendationservice
364, tthakur/userservice
364, dc4096/simpleservice
364, manavilai/authsvcv2
364, manavilai/sba_favouritesvc
364, manavilai/orchestrationsvcv2
364, manavilai/sba_eurekasvc
364, manavilai/sba_usersvc
364, vijayan/cp-kafka
364, frostman/zookeeper
364, giftig/auditorium
415, deepshi/trtlab2
471, lucro/image-deployer
416, osehra/vehu6
127, charlescheung/trt
127, rtrobin/tensorrt
163, enko/py37_centos7
428, friism/reverse_proxy
428, yepeigen/nginxdemo
428, bitpod/prod-instanceproxy
428, a10harmony/demoapp
428, g0vhk/dc-doc-viz
428, jcambass/demo-wordfilter
428, cenapt/nginx-alpine
291, friie/php-apache-pdo
291, vittsoy/yii2-qr
291, soulmatters/wordhb
506, olliwu/mailhog
506, ezhang/mailhog
444, leowmjw/example-app
128, bitanmi/parse-dashboard
128, bitanmi/apache
128, bitami/moodle
128, bitami/kafka
128, bitami/nginx
128, bitami/jasperreports
128, bitanmi/symfony
128, bitami/magento
128, bitami/mariadb
128, bitami/dokuwiki
128, bitami/cassandra
128, bitami/mongodb
128, bitami/kube-state-metrics
128, bitanmi/kubeapps-apprepository-controller
128, bitami/phpmyadmin
128, bitami/nginx-ingress-controller
128, bitami/wordpress
128, bitami/suitecrm
128, bitanmi/rails
128, bitanmi/nginx
128, bitanmi/grafana
128, bitanmi/redmine
128, bitami/osclass
128, bitanmi/keycloak-gatekeeper
128, bitami/consul
128, bitami/testlink
128, bitami/phabricator
128, bitami/acmesolver
128, bitami/discourse
9, friie/server
365, friie/angular-full-stack
365, friis01/kubia
365, yepeilong/koa-demo
365, yepez1997/kubia
365, idanshahar/example-app
365, shalabi/node-example
365, luipugs/kubia
365, yermbiz/api
365, tsb6670/bulletinboard
365, vietlq/enki-login-base
365, yetison/kubia
365, enmai1988/techstarter
365, friti/pepa
365, 3003/tsviewer
365, tthakur/cmatches-angular
365, manavilai/sba_ui
365, a3chen/test
365, dinhdinhuit/hetinhtoanphanbo
365, somayaji1983/dronemanager-gui
365, 80017/cenacle
365, kefa/kubia
129, mailjky/ubuntulogin
472, skexcel/config-repo_jdk-base
87, yepez1997/catnip
87, tsvetkovrb/first-site
87, dcuser7777/catnip
87, dstrebel/example-python
87, yigitsayan/catnip
87, rtrovati/catnip
87, kefisher/coe332-s2019-hw6
507, rcemedien/mailhog
26, tr3e/pwnbox
109, jeisfeld/mailhost
208, yubo1314/zabbix-agent
208, xiaoyonga/operation
388, smilingtriton/sinatra-demo
388, yeuem1vannam/ruby
303, tomoncle/phpmyadmin
303, yidev/alpine-nginx-php5-mssql
473, msfidelis/example-api
256, dinhaidang/postgres-multi-db
256, rectifyfaiz/friendly_driscoll
509, luczumtaugwald/wahlzeit
130, enkuwende/yada-frontend
18, friism/mvc-on-lyra
18, frisoft/wugapp
11, friism/lcowtest
292, tr3sk/prestashop
292, frilansfinansse/php-laravel
292, mastamark/yet_another_web_engine_combo
292, kvasbo/make_me_god_backend
292, kvasbo/make_me_god
292, cplckp/example-php
292, frontendadminrapidvisa/frontendadminprod
131, enkyklios/julia
12, moonlight165/wei_openpose
110, enkuwende/mozi_jenkins
110, enkuwende/annotation_service
390, roustem/mailjob
191, prodpark/mailjet-proxy
191, maliaga/example-angular
191, rpuscasu/yep-client
191, dcedev/sat-mono_client
191, viiky/pwa21
191, viiky/smart
191, viiky/user
132, standard8/example-addon-repo-functional
132, standard8/example-addon-repo-lint
391, friis01/catnip
173, friirine2010/centosgit
173, dciangot/dodas-operator
173, dciangot/im-operator
111, enkuwende/opencog
70, rockday/tensorflowgpu_jupyterlab
133, veiasai/kafka-stream-monitor
133, frodenas/pks-k8s-api-controller
164, veitveit/prolineworkflow
71, 1tjz9agitbtba/tr7luj9se8jb
71, 1tjz9agitbtba/tr7luj1se8jb
71, luk1684tw/tfserving
326, yepa2342/kevainer
72, 1tjz9agitbtba/tr7luj9se9pu
73, enkidu/python_httrack
368, tr72kaka/get-started
368, veikedo/my_project
368, dceagle/get-started
368, dcelli/get-started
368, vemuri324/get-started
368, dckrtstr/get-started
368, mainka/tutorial
368, luk355/get-started
368, tsvisabo/get-started
368, frojasc/00firststeps
368, rtravessini/get-started
27, 1tjz9agitbtba/tr7luj1se9pu
419, frijolsaltarin/docker-whale
419, mlemanski/docker-whale
419, peterzan/docker-whale
419, dcesiel/docker-whale
419, vemuladocker/docker-whale
419, yeunghiepdu/docker-whale
419, yiannisy/docker-whale
419, tthoren/docker-whale
419, ttnppedr/docker-whale
419, a3zzat/risc-v_freertos
419, maniraj2101/docker-whale
419, raulkite/cena
419, xiaoyilu/lu-docker-whale
419, svillega/docker-whale
28, veikedo/hello-node
28, bitdocker1/docker-demo
28, dcizal/node-test
28, vempativineesha/ubuntu-nodejs
28, tsviel/docker-demo
327, yepinf/metricbeat
29, veitveit/polystest
174, daniellalancette/my-php-image
174, bitladen/bitladen-jobs
369, jokejdev/tr_odoo_10
393, luib/stocks
134, ripcordengineering/enketo_express
134, esquiregh/enketo_express
328, yepinf/kibana
135, nilster/saga
74, tsbc520/helloworld
74, tsbrooks/astronaut-finder
74, thomasr/example-app
74, luiryan/helloalpine
74, luiryan/hw3small
74, vembubalaji/composeapp
74, yeungzed/weshop_backend_django
74, syeo/make_tensorboard_metadata
74, syeo/make_output_path
74, vijos/vj4
451, enkeys/ansible-lint
394, frilansfinansse/cypress
75, luijo265/ubuntu_builder
75, vemcompy/authentication-api
75, wizardofmenlo/test_input
212, sigmadev/example-a
212, sigmadev/example-d
395, bitdharma/monero
474, veiwan/alpine-glibc
252, frilli31/database-designazioni
252, luipozdel/acme-shout-state
252, ttnops/ttn_db
252, 11838164/mysql5.7-lowercase
252, jidbyoo/jisang
30, iflyplane/tsbot
370, stvmeister/tsb-gib-java
330, bitdron/s2i-php-container
13, veioenza/myrepo
452, frilansfinansse/rollback
331, veimung/es-scylladb
396, veilig2000/page-hit-counter
31, bitdeep/mnc_bih
453, rkostin/example-app
32, codecloppers/mailpile
397, tsbc520/python
371, stvmeister/tsb-gib-node
165, stcarolas/enki
442, sidhshar/example-auth-productpage-v1
442, maniregistry/chat
76, hieulq/mailproxy
475, luipugs/git-sync
136, bitdivision/go-build-dind
14, aveken/enko_nls_forecast
372, luipozdel/acme-shout
372, vemareddyt/bujji
372, implantainformatica/service-boleto-emissao-rest
372, implantainformatica/emissao-boleto-rest
372, implantainformatica/web-siscafweb
372, implantainformatica/web-rn-gdservices
372, implantainformatica/web-controle-credenciamento
372, vifehe/revertbam
372, vifehe/variantevalref
372, vifehe/bwa
372, vifehe/gatk4test2
372, vifehe/validatesamv2
372, a5edevopstuts/arif
372, souvik01123/final
293, djwhatle/tsb-operator
293, fabianvf/tsbo
398, bitdharma/etc-pool
398, bitflipsoftware/blazeroot
398, levrado1/tsdb-ingest-function
398, hiprabhat/example-go
398, nicolerenee/example-go
398, rtrudeau/gowebapp
77, luirro777/crud
380, veiasai/olog-simulator
380, yieldr/yieldr-dmp-datalab
380, maniengineer/secondtime
137, luiryan/hw3large
445, pressly/raml2html
78, luirangel/python-hello-world
213, gobountz/enki-test-api
33, yerlandinata/energizer-devops-alpine
214, veinardvos/docker_with_docker
400, spendbch/bitdb
79, bitdharma/xmr-pool-frontend
332, enlinxu/db
294, djwhatle/tsb-op
234, mesosphere/net-toolbox
476, luipugs/fortune
34, pd3chae/tsbld
34, pd3chae/tsjava
429, chanhlv93/tsb-frontend
215, yerick81/cheers2019
295, dymurray/bitd-operator
35, yeroo/transmission-telegram
167, tmacro/mailpile
167, stevecliff/mailpile
166, villy393/mailpile_docker_debug
138, luirro777/ubuapache
138, luirro777/ubu_apache
333, enlinxu/com.vmturbo.cost.component
333, enlinxu/action-orchestrator
333, enlinxu/com.vmturbo.repository-component
333, enlinxu/auth
333, enlinxu/com.vmturbo.plan.orchestrator
333, enlinxu/com.vmturbo.history
333, enlinxu/com.vmturbo.group
333, enlinxu/com.vmturbo.api.component
333, enlinxu/com.vmturbo.mediation.appdynamics.component
333, enlinxu/com.vmturbo.mediation.netapp.component
333, enlinxu/com.vmturbo.mediation.hds.component
333, enlinxu/com.vmturbo.mediation.apm.wmi.component
333, enlinxu/com.vmturbo.mediation.appinsights.component
422, yerok/docker-webrtc-turnserver
334, enlinxu/kafka
477, as65342/mailpile
139, bitdust/app1
15, achungbt/bitdemo
16, kevinlyspie/example-api
16, sammy666/bithunter_service
296, yerevann/camr
335, luirangel/greeting
478, timescaledev/tsbs
336, veknet/tfaas
336, veknet/acdcserver
336, veknet/t0wmadatasvc
235, srho1/mailpostas
140, frimeur001/240-simulator
36, tsdev/ubuntuchrometesseract
337, veknet/das2go
37, frime/2log-buildenv
401, yerawarsc/oss
401, vemmadi88/testv1
373, luit0101/email
373, tiagocm/tsp
479, godjiong/example-app-operator
38, bitfusionio/flex-cuda
39, bitfusionio/flex-bench-tf-cnn
480, enlinxu/kubeturbo
17, qbradq/example-build
168, yesudasmallipeddi/soa_12.2.11.3.0
430, dvetter/game-of-life
141, yesodweb/warp
431, frinx/sbe-nginx-proxy-17-07
431, frinx/sbe-nginx-17-07
431, frinxci/sbe-nginx-proxy-x2
431, frinx/sbe-nginx-x4
374, luiztomaz/express
374, vijaythilak/my-express
402, sin668/example-build-demo
169, frinx/sbe-apacheds-17-07
403, mailtop/golang-glide
270, luizalabs/slugbuilder
142, detrickl/dcgs-rocketchat-mongodb
404, luizalabs/teresa
170, yesudasmallipeddi/soa_12.2.1.3.0
40, yesuprelease/tensorflow-serving
456, bitfish/ansible-playbook
441, bitflingr/alpine-node
80, friskyi/darkface
216, maurice94/bithela-backend
216, maurice94/bithela-admin
338, vemmadi88/debian2
338, vemmadi88/debian
297, trulede/dcind
339, dciangot/metric
171, bithashisaka/allocator-service
41, ultimateboy/example-dockerfile-http
41, seanable/example-dockerfile-http
298, tknpoon/mail2telegram
143, tshepitko/nginx
112, luizcarlosfaria/varnish
341, enmasseproject/iot-gc
341, enmasseproject/iot-proxy-configurator
341, enmasseproject/qdr-proxy-configurator
342, enmasseproject/kafka-connect-s2i
342, enmasseproject/kafka-base
42, nodemasters/bithost
343, enmasseproject/iot-device-registry-file
237, networknt/example-database
237, networknt/example-demo
43, mail4dy/hello-gbdx-docker-image
457, yubang/base_python2_web_api
81, vemundfredriksen/theia_potholes
217, friskfisk/osm-processor
144, pataimages/tshark-2.6.3
19, merovin/example-dotnetcore-new3
218, luizalabs/prometheus
219, yetisolution/cron-ui-rpi
345, spikobg/example-db
82, luizp/get-started
82, bitpod/pre-python
82, froland/latex
82, tonuvarughese/voting-app
238, vemonet/markdown-toc-generator
481, dciangot/probe
432, cgrant/example-dockerfile-http
432, jimzim/example-dockerfile-http
458, frismaury/pybanca
83, tshev/cryptofeed
482, bitjourney/elasticsearch-ci
145, nagamsathish/fristimage
145, saxofon/wrlinux_builder
172, luizperes/snes
44, friskfisken/myfirstapp
433, tsloughter/erlang-alpine
375, vemark/php-fpm-oci8
299, yeus/ros2
483, bitlogicos/gitlab-ssh
484, frismaury/alpine-mongodb
84, vemalababu/vweb100
239, frisimos/docker-registry-aws
45, gcrxio/example-dns-frontend
175, vemundmr/worker
300, bitlayer/td-ci
220, yewango0/qury-splash-0.0.1
176, mainak2310/gfts-demo
240, yewlong/marathon-lb
85, mainak90/img-replicator
177, ngebremedhin/vepgrcm38
46, ennovarplayerone/clock_it_api
178, fritterdonut/dockertest
179, mattau/vep
20, friveros/darkvision2
20, zs910805/dc-darkvision
271, jsavargas/process-flac
289, dckrt2sy/amazon-ecs-sample
272, yexf/centos7-base
459, yexm1018/auth-srv
221, kshean/tsp
285, veskot/vcsa65v5
86, vespersio/monitorrent
180, vesuvius/scientific-notebook
181, mbgl/7d2403f42e
346, makeclean/gpucumulus
301, tsvenkat/kubectl
47, makeclean/dagmc-ci-ubuntu-1404
47, makeclean/dagmc-ci
302, vexxhost/rally-exporter
347, makeclean/dagmc-ci-fedora-24
182, makeclean/dagmc-ci-clang
460, vexxhost/oom-readiness-check
48, makeclean/dagmc-ci-ubuntu-1604
405, tsvgos/blockchain
348, makeclean/geant4mpi
273, vexorio/postgres
241, standyro/dcos-jenkins-dind-agent
49, dcornejo/nginx-proxy
183, vexpense/vexpense-base
146, ibmcloudacademy/dat-hello-world
286, mesosphere/dcos-flink
485, yiduyangyi/knife
88, vibsinglecellnf/scanpy
376, ttbinh92/testing_docker
376, dcube/get-started
376, shuchitatripathi/friendlyehllo
304, yidev/alpine-ssh
274, axelspringer/chronos
147, axelor/aio-erp
21, imagostorm/hello
21, axity/chatbot-app
21, dcurylo/littlesuave
434, imagostorm/hello-world
50, enquos/base
89, enquea/svc_usf_example_prod
222, gotwasin/example-php-demo
242, enquiren/debian-stretch
290, posixlee/make_shorten
290, dcycle/drupal-tester
290, ttnops/ttn_core
290, ttnops/ttn_rnd_api
290, johnskull/kefel
184, vanallenlab/make_combined_maf
90, vietanhs0817/payment-api
243, enquiren/node-8.x-stretch
148, dcurrie/maven-cache
149, dcurrie/microservice-schedule
149, dcurrie/microservice-vote-cloudant
149, dcurrie/microservice-speaker
149, dcurrie/microservice-session
307, ppl521/example-paddle
486, enquos/influxdb
349, frojoe/multi-strem
487, frojd/wp-cli-php-7.0
487, frojd/wp-cli-php-7.2
91, rtibiocloud/make_gwas_summary_stats
488, frojd/composer-php-7.2
488, cenarioweb/laravel
308, viewdo/dxp-story-cli
309, testthedocs/ttd-vale
310, testthedocs/ttd-linkcheck
150, vifoggy/sidecar-init
311, frolikoska/node-rethinkdb
275, vifehe/cram2bam
51, tthnguyen/samtools
185, yigewu/gistic
224, enriquetaso/homer
224, enriquetaso/astaire
151, tthomasdocker/learningrepo
287, tthttl/visit-service
186, openmrsinfra/implementation-id
92, tthebst/stock_picker
92, tthebst/stockpicker
93, enricofoltran/filesystem-s3-backup
244, yigalw3/kibana
152, tthomas63/dockerzipbomb_docker-zip-bomb
377, yigittanverdi/dockercoins_webui
377, rtrevino821/dockercoins_webui
52, tthayer/fluentd-kubernetes
406, dcycle/browsertesting
406, dcycle/pa11y
435, bitpod/predev-designerui
435, bitpod/prod-designerui
435, renatoruis/tthml
435, itocpeterhanssens/example-site
187, dcycle/php-lint
53, bitpowder/cpp-alpine
225, vifoggy/proxyv2
94, vifoggy/python_udp_server
94, tudoapp/circle-ci
188, vincecr0ft/tthbb-l1
153, yifzha/azure-application-gateway-kubernetes-ingress
154, vifoggy/istio-release-proxy_init
276, bitpowder/android
245, nlangman/example-result
246, dcy10000/mysearch
226, bitpod/preprod-redis
247, frolll1990/kiwi-tcms
378, vifoggy/nsf-demo-advisor
248, thattommyhall/tthubuntu
277, yifenghg/docker_container
489, axisconnect/deploymentagent
490, adobe/s3mock
54, frootdock/atlassian-proxy
278, frootdock/atlassian-crowd
249, hding/ftps
279, yifeixudocker/jyb-blockchain-platform
227, frootdock/atlassian-confluence
250, frootdock/atlassian-bitbucket
189, yifanlu/allam_homes_analytics
228, bitryt/database
95, yifangma93/movie-recommend-initial
155, yihzhang/container-sample
251, manavhwdockerhub/mysql_1
379, antonioyon/example-rust
379, pbevin/wordhord
280, a10harmony/ui
281, a10harmony/reporting-engine
107, bitriseio/docker-bitrise-base-alpha
107, bitriseio/docker-android-alpha
229, a10harmony/rtp-coordinator
230, a10networks/config-datastore
231, frooop/ttrss
282, manavtidhan/mariadb
312, manavtyagi/machine_learning
313, synthesis/example-s3-gateway
190, jpangms/example-sao
192, ttresse/keeweb-localdb
193, aethan/inclass
461, a12s/gulp
156, viiky/ib-api_try5
491, a1dutch/football-microservice
157, deme3us/dc-jl-x3
492, ewanvalentine/example-service
492, kefiras/ddev-secrets-kube
492, kefiras/ddev-service-discovery-kube
195, a12s/app-d7-build
253, a10networks/ladc-base
254, a1996kash/scipy-notebook-gpu
96, sardeeplearning/viirs-ftp
158, salaboy/example-service-b
97, vijaykiran/dbt
314, bitranch/lcs-build
493, frostiq/node-aws
494, a16bitsysop/clamav
283, a3355566/mysql
495, ddamon/base-alpine
496, ddas55/boot-elk
196, bittrance/shinken
288, enwolny/wlp
98, tuddman/dbt
55, tudor1805/docker-dpdk-debug
159, 8398a7/bitzeny_miner
381, emen/friendlyflask
56, avni16/friendlyflasknew4
462, a5135324/test_data_server
462, a5135324/test_nf2
197, tudorg/xgo-base
498, yingtony/calico-node
499, a5135324/test_3des_server
255, cnmroll/bitzeny-mining
57, pdiogo/a5a-cpuminer
315, yinglilu/dcm4che
257, busnellistefano/a_tor_armv7l
258, gabeochoa/rdslog-honeycomb
198, metagenlab/diag-pipeline-singularity
199, ziosting/ubuntu
316, 127labs/yakp
200, mkanoor/manageiq-pods
259, khteh/mysql-init
232, yanxue/citadel
99, michaelmedford/ztfzapit-nersc
500, derryle/dockercoins_worker
58, 4xxi/resonances
260, itutor/chrome-headless
201, gman99/osxcross-10.11-mingw-w64
202, airta/agent_base_0_platform
409, jcromanpr/world
501, cmlapid/mafft
502, cnab/armbase
382, binderhubovh/ovhbhub-fumitoh-2dmls2018-2ddemo-c32019
382, binderhubovh/ovhbhub-https-3a-2f-2fbitbucket-2eorg-2fbrezyl-2fcofr-2fsrc-2fmaster-c22f42
382, binderhubovh/ovhbhub-https-3a-2f-2frisk-2dengineering-2eorg-2fgit-2fnotebooks-2egit-6829f8
382, binderhubovh/ovhbhub-https-3a-2f-2fframagit-2eorg-2fdebimax-2fcours-2ddebimax-a31fab
382, binderhubovh/ovhbhub-hackingmaterials-2dmatminer-6f2b9d
261, futuretechindustries/pgbouncer-kube
203, awsservicebroker/dynamodb-apb
160, jisto/ubuntu1404-puppet
204, jisto/centos7-puppet
262, resin/apalis-imx6-golang
100, culibraries/celery
503, cw1031/hello-world
263, geeta/testxl
410, gh12128/sywh_api
101, tonowdock/guillaumeelec
264, cenavitatest/cenavita
317, jsnoopyay/wordfilter
318, jwtracy/scale
205, kresnahendri/cenayang
411, larsolavk/cenacolo
22, gjuljo/wordker
265, pronab/wordknots
59, hexagonagriculture/python-lambda-deploy
102, altradimension/jwt-india
206, holysunxiao/centos-vim-new
319, kefirock/gethenv
267, saxo/publish-general
60, saxtouri/docker-svs
320, kefirock/ugc
284, cheisr/opsschool-jenkins-test-01
103, keffsiba/microblog_prod
268, treqster/nominatim-postgis
113, saxxtech/acadia-deployer
350, keferoff/jolokia
61, sax1johno/cloud9-docker
209, treqster/rabbitmq
62, saxix/sentry-localdev
383, gizasystems/modon
161, khpham/nginx
210, alexrgb/sinatra
269, docker13972684/ubuntu18-python
211, nadeem82a/website_docker_example
104, andre1393/bio-print-code
