1, dry1d/rsync, 346 
2, pascosoftware/education_xenial, 25 
3, dawidopteam13/cas, 162 
4, ricktankard/bio-str-exstra, 142 
5, canopyccfdocker/azure-bosh2-cf, 90 
6, sokkanen/feedback, 309 
7, ovatsia/sdxmenuv2, 59 
8, goos7/rss-page, 428 
9, altermeister/bio-ontology-ontology-tutorial-docker, 68 
10, enjoei/ruby-ci-2.5.1-alpine3.7, 28 
11, chavon/binco-app, 2 
12, misenko/bio-class-gaa, 25 
13, biocontainers/bio-tradis, 36 
14, biocontainers/bio-rainbow, 36 
15, kaikousa/hello, 112 
16, enjoei/ruby-2.4.2, 28 
17, jgredecka/bio782p, 35 
18, enjoei/ruby-2.5.1, 28 
19, enjoyithub/enjoy_oa_api, 18 
20, rturner92/bio782p, 35 
21, misenko/bio-class-age, 25 
22, resolwe/bio-linux8-resolwe-preview, 118 
23, resolwe/bio-linux8-resolwe, 118 
24, enjoyithub/enjoy_identityserver, 268 
25, mayconfsbrito/bio-php-fpm-prod, 41 
26, starz/esp-rtos, 283 
27, mayconfsbrito/bio-php-fpm-dev, 41 
28, fridamsh/get-started, 1 
29, icra2018/bio-ik, 281 
30, enjoythestream/mysql, 221 
31, lucj/alpine-curl, 360 
32, fgoebels/bio-epic, 52 
33, lucj/curl, 360 
34, lucj/kernelci-log, 422 
35, lucjohnson/catnip, 471 
36, fridapolished/node, 74 
37, vijayshilekar/bio-hrms, 407 
38, enjoei/ruby, 28 
39, jawhhcib/bio-ontology-tut.v0.1, 68 
40, enjoythestream/store_gitlab, 7 
41, fridel/java, 181 
42, dgirish/bio-notebook, 104 
43, lucj/sophia.events, 12 
44, lucj/jq, 339 
45, moinfar/bio-py-base, 378 
46, enjeyw/sempo-circleci-prebuild, 332 
47, lucj/iot-collector, 353 
48, moinfar/bio-deep-python, 338 
49, kr7ysztof/keycloak-it, 67 
50, klyno/friday.horse, 384 
51, lucj/labs, 12 
52, bromberglab/bio-node-webserver, 472 
53, enjoythestream/logdata, 118 
54, enjoei/imgproxy-base, 174 
55, heliumdatacommons/bio-tools, 132 
56, onlybelter/bio-info, 25 
57, fridon/sentiment-analysis-frontend, 30 
58, fridewald/get-started, 1 
59, daisuke88/bio-rocker, 35 
60, enjoyithub/enjoy-crm30-customer-service, 18 
61, lucj/message-app, 80 
62, fridex/thoth-solver-fc27-2, 58 
63, enjoythestream/nginx, 393 
64, fridex/thoth-solver-fc27-1, 58 
65, enjoyithub/enjoy-crm30-api-service, 18 
66, qba73/fridaydemo, 81 
67, rahmnathan/fridge-manager, 392 
68, lucjanbucher/streuner-server, 54 
69, lucj/db-op, 440 
70, enjoythestream/dbdata, 118 
71, enjoyithub/enjoy-crm30-service-service, 18 
72, lucj/messages, 2 
73, enjoyithub/enjoy-crm30-card-service, 18 
74, enjoyithub/enjoy-crm30-datacenter-service, 18 
75, forekshub/mongodb-mms-agent, 201 
76, lucj/iot-simulator, 369 
77, fridaytech/udex-app-web, 74 
78, lincstack/fridolean, 423 
79, arullaldivakar/kafka-monitor, 137 
80, madhurireddy/bio-image, 499 
81, seannguyen/maildog-build-base, 326 
82, bromberglab/bio-node-docs, 91 
83, enjoythestream/store-store, 7 
84, lucj/kernelci-proxy-backend, 199 
85, lucj/dct, 25 
86, enjoyithub/enjoy-crm30-global-service, 18 
87, enjoei/ruby-2.5.0, 28 
88, fridayisgood/test, 9 
89, enjoythestream/blog_transgeneracional, 337 
90, gkarnati/maildev, 2 
91, lucj/nodebb, 53 
92, enjaybaze/cory_aspcore, 331 
93, fridel/custum_jenkins, 47 
94, mayconfsbrito/bio-php-cli-prod, 41 
95, frifos/kafkaproducertest, 486 
96, bbencivenga/maildev, 2 
97, psalguero/bio-host, 8 
98, acrinklaw/bio-arc, 187 
99, lucj/shell, 229 
100, lucj/chinese-practice, 471 
101, enjelastic/ubuntu, 104 
102, frifos/dc-todo-api, 2 
103, cassianoalves/bio-sonar, 197 
104, enjoythestream/blog_transgeneracional_data, 118 
105, fridel/my-fisrtimage, 39 
106, enjoydocker/gatos, 87 
107, lucj/swarm-rafttool, 11 
108, lucj/my-alpine, 360 
109, krishnadasari610/bio-config-setup, 473 
110, mesterlum/bio-fake-api, 11 
111, mseoss/elasticsnapshot, 11 
112, aleixsanchis/elasticspark, 25 
113, lidocker/fridge, 25 
114, enjoy1work/jhubresearch, 25 
115, lucj/www.sophia.events, 12 
116, lucj/api.sophia.events, 42 
117, illumination27/bio-notebook, 104 
118, lucj/trustedubuntu, 25 
119, frifos/node-api, 2 
120, frifos/dc-coffee-api, 2 
121, lucj/autopilotpattern-mongodb, 297 
122, enjoyithub/enjoy-crm30-coupon-service, 18 
123, enjoyithub/enjoy-crm30-market-service, 18 
124, enjoyithub/enjoy-crm30-cardstock-service, 18 
125, frifos/acdc-2019-node, 2 
126, lucj/autopilotpattern-rabbitmq, 468 
127, rapiscansystems/bio-app, 121 
128, bromberglab/bio-node-webclient, 91 
129, alexwitt23/trt_base, 61 
130, awjh/vehicle-manufacture-iot-extension-manufacturer, 74 
131, enkimichel/instagras-commentaire-ws, 226 
132, 4reallive/trtl-daemon, 215 
133, lucro/drone-slack, 6 
134, dcedev/sat-mono_server_load-balancer, 30 
135, yeonghunnam/kafka-zookeeper-0-8, 321 
136, yeongjoon/ner, 402 
137, lucro/drone-sftp-cache, 6 
138, lucro/drone-ecr, 261 
139, kumarsarath588/larvel-demo, 251 
140, qbeseguros/vehiculos, 27 
141, lucpas/fibo-worker, 74 
142, lucro/rails-build, 28 
143, deepshi/trtlab2, 269 
144, lucperkins/strato, 81 
145, lucro/image-deployer, 94 
146, lucpas/fibo-nginx, 30 
147, lucperkins/purple-http, 81 
148, arifb/trtml, 9 
149, osehra/vehu6, 412 
150, trtruscott/linux_tweet_app, 12 
151, yeonasvt/jhipster-project, 486 
152, charlescheung/trt, 143 
153, awjh/vehicle-manufacture-iot-extension-insurer, 74 
154, enko/py37_centos7, 152 
155, paulohenrique/webserver, 25 
156, friism/reverse_proxy, 416 
157, friie/php-apache-pdo, 22 
158, olliwu/mailhog, 102 
159, ezhang/mailhog, 102 
160, leowmjw/example-app, 183 
161, bitanmi/parse-dashboard, 5 
162, friie/server, 99 
163, bitanmi/apache, 5 
164, bitami/moodle, 5 
165, bitami/kafka, 5 
166, friie/angular-full-stack, 487 
167, mailjky/ubuntulogin, 342 
168, bitami/nginx, 5 
169, skexcel/config-repo_jdk-base, 138 
170, yepez1997/catnip, 451 
171, bitami/jasperreports, 5 
172, bitanmi/symfony, 5 
173, rcemedien/mailhog, 452 
174, yepez1997/alectiowebsite2.0, 8 
175, tr3e/pwnbox, 242 
176, jeisfeld/mailhost, 207 
177, yubo1314/zabbix-agent, 350 
178, lucx15/get-started, 1 
179, lucvk/nodeapp, 2 
180, smilingtriton/sinatra-demo, 444 
181, tomoncle/phpmyadmin, 110 
182, msfidelis/example-api, 409 
183, xyzzhangfan/qflow, 9 
184, mailjky/ubuntu-withnodejs, 9 
185, enkelli/demo, 1 
186, dinhaidang/postgres-multi-db, 92 
187, yepaoxixi/blog, 499 
188, kbaland/mailhog, 41 
189, luczumtaugwald/wahlzeit, 108 
190, tcftcf/mysql, 407 
191, steven0129/fasttext, 9 
192, bitami/magento, 5 
193, dios71/renta-car, 47 
194, friis01/kubia, 487 
195, enkuwende/yada-frontend, 195 
196, bitami/mariadb, 5 
197, friism/mvc-on-lyra, 32 
198, friism/lcowtest, 126 
199, tr3sk/prestashop, 88 
200, friitas/airbnb-server, 226 
201, bitami/dokuwiki, 5 
202, atomistplay/tr3, 499 
203, josuefernandezm/mailj, 25 
204, yepez1997/platform-frontend, 30 
205, enkyklios/julia, 265 
206, yepeilong/koa-demo, 487 
207, friie/angular4, 2 
208, bitami/cassandra, 5 
209, bitami/mongodb, 5 
210, moonlight165/wei_openpose, 335 
211, joberdick/example-apiserver, 2 
212, enkuwende/mozi_jenkins, 78 
213, bitami/kube-state-metrics, 5 
214, yepeigen/nginxdemo, 416 
215, roustem/mailjob, 349 
216, prodpark/mailjet-proxy, 43 
217, standard8/example-addon-repo-functional, 51 
218, friis01/catnip, 84 
219, bitanmi/kubeapps-apprepository-controller, 5 
220, yeppao/react-test, 226 
221, friirine2010/centosgit, 38 
222, enkuwende/opencog, 413 
223, bitami/phpmyadmin, 5 
224, enkuwende/annotation_service, 78 
225, rockday/tensorflowgpu_jupyterlab, 458 
226, muhgumus/serve, 2 
227, huayiwang/tr3, 59 
228, veiasai/kafka-stream-monitor, 411 
229, atomistplay/tr5, 499 
230, bitami/nginx-ingress-controller, 5 
231, kristoyoyo/mailjet-sender, 59 
232, veitveit/prolineworkflow, 296 
233, yepez1997/alectio-website, 8 
234, 1tjz9agitbtba/tr7luj9se8jb, 23 
235, bitami/wordpress, 5 
236, bitami/suitecrm, 5 
237, atomistplay/tr9, 499 
238, veill/spark-2.1.1-bin-hadoop2.6, 486 
239, yepez1997/kubia, 487 
240, bitanmi/rails, 5 
241, 1tjz9agitbtba/tr7luj1se8jb, 23 
242, yepa2342/kevainer, 276 
243, 1tjz9agitbtba/tr7luj9se9pu, 397 
244, atomistplay/tr7, 499 
245, tweedybirdloc/example-app, 11 
246, bitanmi/nginx, 5 
247, mailnsa/test_git, 104 
248, maliaga/example-angular, 43 
249, arwin/example-app, 11 
250, alexandregama/mailler, 486 
251, enkidu/python_httrack, 469 
252, tr72kaka/get-started, 20 
253, veikedo/my_project, 20 
254, bitanmi/grafana, 5 
255, 1tjz9agitbtba/tr7luj1se9pu, 177 
256, bitanmi/redmine, 5 
257, frijolsaltarin/docker-whale, 21 
258, enkejill/get-started, 1 
259, idanshahar/example-app, 487 
260, bitami/osclass, 5 
261, bitanmi/keycloak-gatekeeper, 5 
262, yepinf/golang, 11 
263, bitandbang/step-by-step-express-workshop, 2 
264, veikedo/hello-node, 396 
265, bitami/consul, 5 
266, veimox/qtc, 104 
267, standard8/example-addon-repo-lint, 51 
268, yepinf/metricbeat, 289 
269, veitveit/polystest, 340 
270, daniellalancette/my-php-image, 115 
271, jokejdev/tr_odoo_10, 156 
272, luib/stocks, 367 
273, ripcordengineering/enketo_express, 62 
274, bitami/testlink, 5 
275, rpuscasu/yep-client, 43 
276, bitami/phabricator, 5 
277, bitami/acmesolver, 5 
278, yepinf/kibana, 257 
279, veiv/cloudcomputinggroup40, 2 
280, nilster/saga, 223 
281, tsbc520/helloworld, 144 
282, enkeys/ansible-lint, 380 
283, luijo265/ubuntu_test, 9 
284, bitami/discourse, 5 
285, frilansfinansse/cypress, 159 
286, lbaeumer/luijenkins, 486 
287, tsbrooks/astronaut-finder, 144 
288, thomasr/example-app, 144 
289, shalabi/node-example, 487 
290, luijo265/ubuntu_builder, 464 
291, veimis/node-test-app, 2 
292, frillizard/octoshark-timestamp, 2 
293, frilansfinansse/php-laravel, 88 
294, luinz/get-started, 1 
295, caifenglucky/frilo, 1 
296, sigmadev/example-a, 83 
297, veily/liwei, 8 
298, mailpostman/linux_tweet_app, 12 
299, bitdharma/monero, 249 
300, mailprobe/get-started, 1 
301, veiwan/alpine-glibc, 263 
302, tsbonde/dockerimage_tomcat8, 486 
303, frilli31/database-designazioni, 492 
304, iflyplane/tsbot, 158 
305, stvmeister/tsb-gib-java, 419 
306, bitdron/s2i-php-container, 50 
307, veioenza/myrepo, 479 
308, frilansfinansse/rollback, 282 
309, veimung/es-scylladb, 204 
310, frillizard/octoshark-users, 2 
311, esquiregh/enketo_express, 62 
312, sdtim/testing, 39 
313, mlemanski/docker-whale, 21 
314, veilig2000/page-hit-counter, 414 
315, bitdeep/mnc_bih, 278 
316, kid75/example-app, 423 
317, rkostin/example-app, 157 
318, luipugs/kubia, 487 
319, mailpostman/linux_tweer_app, 12 
320, peterzan/docker-whale, 21 
321, codecloppers/mailpile, 405 
322, yermbiz/api, 487 
323, tsbc520/python, 292 
324, stvmeister/tsb-gib-node, 130 
325, luirro777/nginx_modificado, 30 
326, luirro777/probando, 1 
327, stcarolas/enki, 161 
328, filiptepper/dynamodb-inmemory, 27 
329, dceagle/get-started, 20 
330, sidhshar/example-auth-productpage-v1, 150 
331, hieulq/mailproxy, 372 
332, bitdegree99/get-started, 1 
333, luipugs/git-sync, 133 
334, yerodriguez/keycloak, 67 
335, veilance/get-started, 1 
336, yerzhanserikbay/simple-http, 226 
337, luiryan/helloalpine, 144 
338, bitdivision/go-build-dind, 334 
339, aveken/enko_nls_forecast, 325 
340, luipozdel/acme-shout, 128 
341, djwhatle/tsb-operator, 49 
342, bitdharma/etc-pool, 441 
343, luirro777/crud, 418 
344, luiryan/hw3small, 144 
345, veiasai/kafka-console, 486 
346, tsb6670/bulletinboard, 487 
347, veiasai/olog-simulator, 488 
348, fabianvf/tsbo, 49 
349, luiryan/hw3large, 490 
350, pressly/raml2html, 495 
351, luirangel/python-hello-world, 496 
352, gobountz/enki-test-api, 493 
353, yerlandinata/energizer-devops-alpine, 497 
354, veinardvos/docker_with_docker, 498 
355, navikt/veiviserarbeidsgiver, 499 
356, camboio/tsb-web-app, 2 
357, luipozdel/acme-shout-state, 492 
358, pipo02mix/example-app, 2 
359, luirangel914/react-docker, 226 
360, spendbch/bitdb, 434 
361, bitdharma/xmr-pool-frontend, 254 
362, navikt/veilarbdemo, 499 
363, enlinxu/db, 301 
364, djwhatle/tsb-op, 462 
365, mesosphere/net-toolbox, 211 
366, vietlq/enki-login-base, 487 
367, luipugs/fortune, 0 
368, yeriomin/play-store-token-dispenser, 486 
369, pd3chae/tsbld, 140 
370, chanhlv93/tsb-frontend, 387 
371, yerick81/cheers2019, 180 
372, tomegathericon/mailpile, 25 
373, dcelli/get-started, 20 
374, dymurray/bitd-operator, 328 
375, yerome27/server-nodejs-backend, 483 
376, yeroo/transmission-telegram, 279 
377, tmacro/mailpile, 410 
378, maritxis2017/bitdefender, 2 
379, veiasai/tiger, 25 
380, veiasai/kafka, 27 
381, veinya/lyftlimiter, 81 
382, villy393/mailpile_docker_debug, 33 
383, luirro777/ubuapache, 95 
384, dcedev/sat-mono_client, 43 
385, luirro777/ubu_apache, 95 
386, matthiasbaldi/node-demo, 226 
387, bitdocker1/docker-demo, 396 
388, enlinxu/com.vmturbo.cost.component, 17 
389, redisbench/tsbs, 11 
390, yerok/docker-webrtc-turnserver, 120 
391, yernyee/yyrepo, 39 
392, enlinxu/kafka, 400 
393, luirangel/node-replicas, 74 
394, as65342/mailpile, 315 
395, bitdust/app1, 322 
396, dcesiel/docker-whale, 21 
397, achungbt/bitdemo, 437 
398, spendbch/bitd, 423 
399, stevecliff/mailpile, 410 
400, luit0101/report-run, 47 
401, enlinxu/action-orchestrator, 17 
402, kevinlyspie/example-api, 70 
403, yerevann/camr, 31 
404, enlinxu/com.vmturbo.repository-component, 17 
405, enlinxu/auth, 17 
406, luirangel/greeting, 163 
407, timescaledev/tsbs, 406 
408, enlinxu/com.vmturbo.plan.orchestrator, 17 
409, enlinxu/com.vmturbo.history, 17 
410, enlinxu/com.vmturbo.group, 17 
411, veknet/tfaas, 85 
412, srho1/mailpostas, 253 
413, dcedev/sat-mono_server1, 481 
414, tsdeng/get-started, 39 
415, frimeur001/240-simulator, 192 
416, tsdev/ubuntuchrometesseract, 371 
417, veknet/das2go, 73 
418, cvcloud/example-application, 12 
419, frime/2log-buildenv, 217 
420, yerawarsc/oss, 474 
421, enlipleai/pytorch, 61 
422, enlinxu/com.vmturbo.api.component, 17 
423, luit0101/email, 420 
424, godjiong/example-app-operator, 146 
425, bitfusionio/flex-cuda, 255 
426, bitflipsoftware/blazeroot, 441 
427, bitfusionio/flex-bench-tf-cnn, 356 
428, enlinxu/kubeturbo, 125 
429, qbradq/example-build, 307 
430, veksi/veikko_tomcat8, 27 
431, yesudasmallipeddi/soa_12.2.11.3.0, 446 
432, polarsquad/example-backend, 423 
433, levrado1/tsdb-ingest-function, 441 
434, dvetter/game-of-life, 267 
435, veknet/mlaas4hep, 68 
436, yesodweb/warp, 308 
437, rampb/tsdemo, 226 
438, frinx/sbe-nginx-proxy-17-07, 63 
439, tisi/example-backend, 2 
440, luiztomaz/express, 10 
441, sin668/example-build-demo, 477 
442, frinx/sbe-jenkins-ssh-slave, 486 
443, deanshelton913/example-business-logic, 2 
444, frinx/sbe-nginx-17-07, 63 
445, frinx/sbe-apacheds-17-07, 227 
446, frinxci/sbe-nginx-proxy-x2, 63 
447, veknet/acdcserver, 85 
448, mailtop/golang-glide, 55 
449, luizalabs/slugbuilder, 196 
450, detrickl/dcgs-rocketchat-mongodb, 390 
451, luizalabs/teresa, 310 
452, yesudasmallipeddi/soa_12.2.1.3.0, 185 
453, veknet/t0wmadatasvc, 85 
454, yesuprelease/tensorflow-serving, 358 
455, enlinxu/com.vmturbo.mediation.appdynamics.component, 17 
456, bitfish/ansible-playbook, 165 
457, bitflingr/alpine-node, 363 
458, enlinxu/com.vmturbo.mediation.netapp.component, 17 
459, enlinxu/com.vmturbo.mediation.hds.component, 17 
460, enlinxu/com.vmturbo.mediation.apm.wmi.component, 17 
461, enlinxu/com.vmturbo.mediation.appinsights.component, 17 
462, frinx/sbe-nginx-x4, 63 
463, friscop3t3/multi-worker, 2 
464, sammy666/bithunter_service, 70 
465, friskyi/darkface, 179 
466, vemcompy/authentication-api, 464 
467, maurice94/bithela-backend, 56 
468, luizao/ci-builder, 2 
469, vemmadi88/debian2, 66 
470, trulede/dcind, 171 
471, maurice94/bithela-admin, 56 
472, vemuladocker/docker-whale, 21 
473, dciangot/metric, 122 
474, bithashisaka/allocator-service, 182 
475, ultimateboy/example-dockerfile-http, 93 
476, tknpoon/mail2telegram, 330 
477, tshepitko/nginx, 280 
478, sammy666/bithunter_frontend, 12 
479, forsyphilis/price-checker-telegram-bot, 2 
480, dciacoe/javahelloworld, 7 
481, luizcarlosfaria/varnish, 148 
482, dciangot/dodas-operator, 38 
483, enmasseproject/iot-gc, 16 
484, enmasseproject/iot-proxy-configurator, 16 
485, enmasseproject/kafka-connect-s2i, 69 
486, seanable/example-dockerfile-http, 93 
487, dciangot/lookup, 1 
488, yetison/kubia, 487 
489, vemmadi88/testv1, 474 
490, frisoft/wugapp, 32 
491, vemcompy/jnlp-slave, 47 
492, nodemasters/bithost, 366 
493, enmasseproject/iot-device-registry-file, 233 
494, networknt/example-database, 82 
495, vemmadi88/wesbite, 199 
496, mail4dy/hello-gbdx-docker-image, 427 
497, vemmadi88/debian, 66 
498, bitjourney/plantuml-service, 499 
499, yubang/base_python2_web_api, 293 
500, vemundfredriksen/theia_potholes, 243 
501, friskfisk/osm-processor, 238 
502, pataimages/tshark-2.6.3, 129 
503, vemahendran/get-started, 1 
504, vemmadi88/static-site1, 199 
505, vemuruadi/python-start, 1 
506, vembubalaji/composeapp, 144 
507, yetma/medu-nginx, 199 
508, steve21168/example-docker-node-app, 25 
509, merovin/example-dotnetcore-new3, 375 
510, luizalabs/prometheus, 212 
511, networknt/example-demo, 82 
512, vembubalaji/demoapp1, 486 
513, yetisolution/cron-ui-rpi, 202 
514, vemgiovannivecchi/get-started, 39 
515, yetanothercandidate/analysis-report, 486 
516, spikobg/example-db, 65 
517, sigmadev/example-d, 83 
518, vemanath/vemanath.kotamreddy_tomcat8, 486 
519, frishi/analytics-service, 74 
520, yetest/learn, 39 
521, dcizal/node-test, 396 
522, luizp/get-started, 29 
523, vemonet/markdown-toc-generator, 355 
524, dciangot/probe, 216 
525, tshepotema/ringa, 25 
526, cgrant/example-dockerfile-http, 75 
527, dciobanu/java, 25 
528, frismaury/pybanca, 288 
529, skwasiborski/example-dotnet, 18 
530, enmand/hlnr-test, 12 
531, tshev/cryptofeed, 4 
532, bitjourney/elasticsearch-ci, 320 
533, enmasseproject/qdr-proxy-configurator, 16 
534, enmasseproject/kafka-base, 69 
535, mastamark/yet_another_web_engine_combo, 88 
536, vemundfredriksen/testrepo, 59 
537, enmai1988/techstarter, 487 
538, pd3chae/tsjava, 140 
539, nagamsathish/fristimage, 435 
540, dciangot/sosc2018myapp, 1 
541, luizperes/snes, 145 
542, yeungzed/nearby_frontend, 12 
543, yeunghiepdu/docker-whale, 21 
544, vemular1/node-test, 423 
545, vemuri324/get-started, 20 
546, vemareddyt/bujji, 128 
547, vemulapalliarun/docker-sample, 1 
548, frismaury/ipos-api, 74 
549, yeungdb/marsyas, 25 
550, jimzim/example-dockerfile-http, 75 
551, dciangot/im-operator, 38 
552, frisys2017/my-first-repo, 104 
553, friskfisken/myfirstapp, 430 
554, tsloughter/erlang-alpine, 239 
555, yeuem1vannam/ruby, 444 
556, vemark/php-fpm-oci8, 470 
557, yeus/ros2, 135 
558, bitlogicos/gitlab-ssh, 394 
559, vemuri4mounika/student_service, 47 
560, vempativineesha/ubuntu-nodejs, 396 
561, frismaury/alpine-mongodb, 167 
562, vemalababu/vweb100, 465 
563, frisimos/docker-registry-aws, 272 
564, gcrxio/example-dns-frontend, 26 
565, bitladen/bitladen-jobs, 115 
566, aseyori/frist-image, 39 
567, vemundmr/worker, 114 
568, yeungzed/weshop_backend_django, 144 
569, fritzblignaut/ppreports, 18 
570, bitlayer/td-ci, 141 
571, yewango0/qury-splash-0.0.1, 218 
572, friti/pepa, 487 
573, mainak2310/gfts-demo, 241 
574, yewlong/marathon-lb, 220 
575, yeweiandy/dockerwrite, 25 
576, mainak90/img-replicator, 463 
577, yewhuat/cmdbuild, 27 
578, ngebremedhin/vepgrcm38, 391 
579, mainakmandal/callerservice, 486 
580, ennovarplayerone/clock_it_api, 424 
581, hiprabhat/example-go, 441 
582, vasyakrg/nginx, 30 
583, dckrtstr/get-started, 20 
584, fritterdonut/dockertest, 235 
585, mattau/vep, 86 
586, mainah/ubuntu_with_vim, 104 
587, mainakmandal/callme-service, 486 
588, friveros/darkvision2, 116 
589, jsavargas/process-flac, 275 
590, nicolerenee/example-go, 441 
591, dckrt2sy/amazon-ecs-sample, 98 
592, yexf/centos7-base, 386 
593, tqhuy812/tsp, 25 
594, yexm1018/auth-srv, 105 
595, vespakoen/tiles, 42 
596, tiagocm/tsp, 420 
597, mainka/tutorial, 20 
598, luk355/test, 39 
599, kshean/tsp, 230 
600, luk355/get-started, 20 
601, veskot/vcsa65v5, 166 
602, yexianga/test, 9 
603, vesameskanen/pelias-api, 480 
604, luk1684tw/tfserving, 482 
605, vespersio/monitorrent, 432 
606, vesuvius/scientific-notebook, 304 
607, mbgl/7d2403f42e, 316 
608, yiannisgkoufas/nested_docker, 81 
609, yiannisy/docker-whale, 21 
610, yianisn/aservice, 484 
611, tsviel/docker-demo, 396 
612, tsvetkovrb/first-site, 451 
613, tsvgos/laravel-deploy, 41 
614, makeclean/gpucumulus, 318 
615, tsvisk2017/tomcat_https, 27 
616, yiadh/pyapp, 39 
617, tsvenkat/kubectl, 395 
618, makeclean/dagmc-ci-ubuntu-1404, 191 
619, tsveti359/multi-nginx, 12 
620, vexxhost/rally-exporter, 262 
621, tsvetomri/ecap_hello, 1 
622, makeclean/dagmc-ci-fedora-24, 336 
623, makeclean/dagmc-ci-clang, 72 
624, vexxhost/oom-readiness-check, 228 
625, makeclean/dagmc-ci-ubuntu-1604, 383 
626, frodenas/pks-k8s-api-controller, 411 
627, tsvisabo/get-started, 20 
628, tsvgos/blockchain, 450 
629, makeclean/geant4mpi, 106 
630, vexorio/postgres, 429 
631, makeclean/dagmc-ci, 191 
632, standyro/dcos-jenkins-dind-agent, 178 
633, dcornejo/nginx-proxy, 460 
634, aarongary/tsvloader, 25 
635, vexpense/vexpense-base, 219 
636, ibmcloudacademy/dat-hello-world, 388 
637, tsvetelinppetrov/fmi, 47 
638, 3003/tsviewer, 487 
639, frodehus/brigade-api, 81 
640, mesosphere/dcos-flink, 236 
641, vexs/glittergang, 12 
642, yidoukeji/get_start, 1 
643, yiduyangyi/knife, 385 
644, ttbarnes/hello-world, 39 
645, yidev/alpine-nginx-php5-mssql, 110 
646, vibsinglecellnf/scanpy, 415 
647, ttbinh92/testing_docker, 13 
648, yidev/alpine-ssh, 77 
649, froggling/myapp, 9 
650, dcurrotto/dot-net-simple-api, 18 
651, axelspringer/chronos, 323 
652, axelor/aio-erp, 3 
653, imagostorm/hello, 421 
654, imagostorm/hello-world, 190 
655, frojasolis/mydemoapp, 1 
656, enquos/base, 277 
657, frojasc/00firststeps, 20 
658, enquea/svc_usf_example_prod, 354 
659, implantainformatica/service-boleto-emissao-rest, 128 
660, implantainformatica/nginx, 12 
661, gotwasin/example-php-demo, 101 
662, enquiren/debian-stretch, 164 
663, kvasbo/make_me_god_backend, 88 
664, posixlee/make_shorten, 15 
665, implantainformatica/emissao-boleto-rest, 128 
666, dcurso/multi-nginx, 12 
667, trowawayac/make_java, 25 
668, enquos/statsd, 42 
669, dcussen/myfirstapp, 87 
670, vanallenlab/make_combined_maf, 359 
671, vietanhs0817/payment-api, 417 
672, enquiren/node-8.x-stretch, 210 
673, axity/chatbot-app, 421 
674, dcurrotto/nginx-angular, 8 
675, dcurrie/maven-cache, 186 
676, dcurrie/microservice-schedule, 139 
677, ppl521/example-paddle, 155 
678, dcurrotto/dot-net-simple, 18 
679, syeo/make_tensorboard_metadata, 144 
680, dcurrie/microservice-vote-cloudant, 139 
681, dcurrie/microservice-speaker, 139 
682, vietwow/new_jenkins, 47 
683, kvasbo/make_me_god, 88 
684, dcuser7777/catnip, 451 
685, enquos/influxdb, 302 
686, implantainformatica/web-siscafweb, 128 
687, frojoe/multi-strem, 266 
688, frojd/wp-cli-php-7.0, 131 
689, frojd/wp-cli-php-7.2, 131 
690, dstrebel/example-python, 451 
691, implantainformatica/web-rn-gdservices, 128 
692, rtibiocloud/make_gwas_summary_stats, 376 
693, frojd/composer-php-7.2, 37 
694, syeo/make_output_path, 144 
695, bitpod/dev-designerapi, 74 
696, viewdo/dxp-story-cli, 345 
697, testthedocs/ttd-vale, 203 
698, testthedocs/ttd-linkcheck, 250 
699, dcube/get-started, 13 
700, implantainformatica/web-controle-credenciamento, 128 
701, dcurylo/littlesuave, 421 
702, dcurrie/microservice-session, 139 
703, dcull91/hello-world, 1 
704, yieldr/yieldr-dmp-datalab, 488 
705, vifoggy/sidecar-init, 97 
706, frolikoska/node-rethinkdb, 154 
707, vifehe/cram2bam, 273 
708, yigitpolat/webinar, 2 
709, cplckp/example-php, 88 
710, tthnguyen/samtools, 240 
711, manamanmana/ubuntu-std-dev-env, 25 
712, yigewu/gistic, 231 
713, tthttl/get-started, 1 
714, yigalirani2/go-server3, 11 
715, tthttl/petclinic-client, 54 
716, yigalirani2/go-server2, 11 
717, bitpod/pre-instanceproxy, 2 
718, enriquetaso/homer, 79 
719, tthomasdocker/learningrepo, 259 
720, tthttl/visit-service, 351 
721, openmrsinfra/implementation-id, 364 
722, yigitsayan/catnip, 451 
723, tthebst/stock_picker, 373 
724, vifehe/revertbam, 128 
725, enriquetaso/astaire, 79 
726, vifoggy/serviceb, 11 
727, enricofoltran/filesystem-s3-backup, 438 
728, yigalw3/kibana, 274 
729, yigitpolat/newhorizons-frontend, 30 
730, tthomas63/dockerzipbomb_docker-zip-bomb, 303 
731, vifehe/variantevalref, 128 
732, yigityilmaz/multi-server, 74 
733, yigittanverdi/dockercoins_hasher, 28 
734, yigittanverdi/dockercoins_webui, 347 
735, vifehe/bwa, 128 
736, tthayer/fluentd-kubernetes, 362 
737, bitpod/prod-appdesigner, 2 
738, dcycle/browsertesting, 113 
739, bitpod/predev-designerui, 64 
740, dcycle/php-lint, 264 
741, bitpod/preprod-baasinstance, 74 
742, dcycle/pa11y, 113 
743, tthoren/docker-whale, 21 
744, vifoggy/servicec, 11 
745, bitpowder/cpp-alpine, 284 
746, tthai1/helloworld, 39 
747, tthou/test, 1 
748, tthuy/get-started, 1 
749, vifoggy/proxyv2, 134 
750, vifoggy/python_udp_server, 403 
751, vincecr0ft/tthbb-l1, 103 
752, yifzha/azure-application-gateway-kubernetes-ingress, 370 
753, vifehe/gatk4test2, 128 
754, bandura/example-restaurants, 486 
755, tthhee/test, 9 
756, bitpod/prod-designerui, 64 
757, dcycle/drupal-tester, 15 
758, bitpod/pre-python, 29 
759, vifehe/validatesamv2, 128 
760, vifoggy/rudder, 81 
761, tthakur/cmatches-angular, 487 
762, tthomasson/get-started, 1 
763, vifoggy/istio-release-proxy_init, 404 
764, tthebst/stockpicker, 373 
765, tthakur/favouriteservice, 27 
766, bitpowder/android, 200 
767, nlangman/example-result, 290 
768, froland/latex, 29 
769, renatoruis/tthml, 64 
770, tthhee/ubuntu18.04, 104 
771, dcy10000/mysearch, 295 
772, bitpod/preprod-redis, 245 
773, froliol/nginx, 12 
774, tthakur/matchrecommendationservice, 27 
775, frolll1990/kiwi-tcms, 168 
776, vifoggy/nsf-demo-advisor, 352 
777, tthakur/userservice, 27 
778, thattommyhall/tthubuntu, 232 
779, axsauze/seldon-deploy, 104 
780, yifenghg/docker_container, 124 
781, bitpod/prod-instanceproxy, 416 
782, axisconnect/deploymentagent, 248 
783, bitpod/preprod-designerapi, 74 
784, adobe/s3mock, 448 
785, yihengchen/mulit-server, 2 
786, dc4096/simpleservice, 27 
787, manavilai/authsvcv2, 27 
788, manavilai/sba_favouritesvc, 27 
789, frootdock/atlassian-proxy, 60 
790, frootdock/atlassian-crowd, 291 
791, hding/ftps, 285 
792, frootdock/atlassian-jira, 486 
793, ttnppedr/docker-whale, 21 
794, manavtidhan/ubuntu, 9 
795, yifeixudocker/jyb-blockchain-platform, 184 
796, manavilai/sba_ui, 487 
797, manavshrivastava/nginx, 30 
798, frootdock/atlassian-confluence, 389 
799, frootdock/atlassian-bitbucket, 89 
800, yifanlu/allam_homes_analytics, 24 
801, yifeif/tensorflow, 25 
802, vigohe/pcc-web, 54 
803, manavilai/orchestrationsvcv2, 27 
804, r00ta/speedrun001, 9 
805, bitryt/database, 381 
806, manavalanr619/front, 226 
807, yifangma93/movie-recommend-initial, 401 
808, manavtidhan/host, 9 
809, yihzhang/container-sample, 119 
810, manavhwdockerhub/mysql_1, 459 
811, manavilai/sba_eurekasvc, 27 
812, manav50055/first_repo, 9 
813, manavilai/sba_usersvc, 27 
814, antonioyon/example-rust, 425 
815, enricofrigo/javahelloworld, 486 
816, vigneshs28/backend, 59 
817, ttnops/ttn_proxy, 30 
818, yihongwang/janusgraph-server, 486 
819, a10harmony/ui, 374 
820, ttnops/ttn_rnd_web, 30 
821, a10harmony/reporting-engine, 34 
822, bitriseio/docker-bitrise-base-alpha, 147 
823, ttnops/ttn_core, 15 
824, ttnops/ttn_rnd_api, 15 
825, a10harmony/rtp-coordinator, 408 
826, ttnops/ttn_db, 492 
827, bitriseio/docker-android-alpha, 147 
828, a10networks/config-datastore, 357 
829, frooop/ttrss, 361 
830, manavtidhan/mariadb, 475 
831, manavtyagi/machine_learning, 298 
832, ttndfame/java8, 118 
833, synthesis/example-s3-gateway, 169 
834, jpangms/example-sao, 175 
835, squillace/example-spring-boot, 499 
836, viiky/pwa21, 43 
837, ttresse/keeweb-localdb, 136 
838, zs910805/dc-darkvision, 116 
839, aethan/inclass, 377 
840, a12s/gulp, 426 
841, viiky/ib-api_try5, 76 
842, a1academia/amaas-wildfly, 67 
843, a1dutch/football-microservice, 478 
844, deme3us/dc-jl-x3, 314 
845, lowmem0ry/viinet-app-service, 332 
846, viiky/smart, 43 
847, viiky/user, 43 
848, jkitti/inclass8, 25 
849, ewanvalentine/example-service, 48 
850, a12s/app-d7-build, 234 
851, vittsoy/yii2-qr, 22 
852, manicode/jenkins-dind, 47 
853, a10harmony/demoapp, 416 
854, g0vhk/dc-doc-viz, 416 
855, softwaregroup/impl-docker, 74 
856, a10networks/ladc-base, 188 
857, a1996kash/scipy-notebook-gpu, 205 
858, huangliang/example-service, 486 
859, sardeeplearning/viirs-ftp, 476 
860, salaboy/example-service-b, 431 
861, vijaykiran/dbt, 453 
862, bitranch/lcs-build, 258 
863, vijaythilak/my-express, 10 
864, ddazza/slack-notification, 369 
865, frostiq/node-aws, 365 
866, vijos/vj4, 144 
867, vijayan/cp-kafka, 27 
868, a16bitsysop/clamav, 206 
869, manickamsw/sw-jenkins, 499 
870, itocpeterhanssens/example-site, 64 
871, desaiy/example-scratch, 81 
872, a3zzat/risc-v_freertos, 21 
873, a3355566/mysql, 270 
874, maniengg/mastni, 30 
875, frostman/zookeeper, 27 
876, yikaicao/node-express-app, 53 
877, ddamon/base-alpine, 252 
878, ddas55/boot-elk, 57 
879, a3chen/test, 487 
880, maniengineer/secondtime, 488 
881, bittrance/shinken, 256 
882, villalobos98/hgop, 226 
883, a5edevopstuts/arif, 128 
884, shuchitatripathi/friendlyehllo, 13 
885, enwolny/wlp, 109 
886, maniodev/multi-server, 74 
887, manio143/ubuntuair, 9 
888, maniodev/multi-worker, 74 
889, bencarrington07/friendlyello, 1 
890, vishvadocker33/friendlydocker, 1 
891, enwolny/node, 25 
892, tuddman/dbt, 343 
893, tudor1805/docker-dpdk-debug, 172 
894, density25/friendlyello, 1 
895, 8398a7/bitzeny_miner, 312 
896, songhan573/enwiki-solr, 486 
897, maniraj2101/docker-whale, 21 
898, emen/friendlyflask, 456 
899, enwordpass/docker, 104 
900, avni16/friendlyflasknew4, 455 
901, maniregistry/chat, 150 
902, a5135324/test_data_server, 382 
903, a5his/aws-training, 1 
904, a5135324/test_nf2, 382 
905, tudorg/xgo-base, 149 
906, tudoapp/circle-ci, 403 
907, californian/enwiki-test, 2 
908, yingtony/calico-node, 341 
909, manirathnam/newspringboot, 499 
910, a5135324/test_3des_server, 40 
911, maniodev/multi-client, 30 
912, cnmroll/bitzeny-mining, 222 
913, pdiogo/a5a-cpuminer, 153 
914, yinglilu/dcm4che, 260 
915, rectifyfaiz/friendly_driscoll, 92 
916, frontendadminrapidvisa/frontendadminprod, 88 
917, busnellistefano/a_tor_armv7l, 324 
918, ddnirvana/catalyzer-testenv-scaletest, 9 
919, gabeochoa/rdslog-honeycomb, 244 
920, duese/javaimage, 486 
921, metagenlab/diag-pipeline-singularity, 344 
922, jamma/wechat, 2 
923, ziff/notebook, 52 
924, ziosting/ubuntu, 286 
925, wizardofmenlo/test_input, 464 
926, cocoon/basedns, 11 
927, dgpdevops/nginximage, 30 
928, 11838164/mysql5.7-lowercase, 492 
929, 127labs/yakp, 305 
930, mkanoor/manageiq-pods, 311 
931, wuchienhsin01/k8s-demo, 226 
932, khteh/mysql-init, 319 
933, yanxue/citadel, 300 
934, jamesho287/ravintolafit_webapp, 423 
935, fauser78/xellentdockertest, 18 
936, arvindkandhare/localdl, 486 
937, michaelmedford/ztfzapit-nersc, 398 
938, russelljarvis/network_unit_opt, 52 
939, whitestack/odl, 7 
940, derryle/dockercoins_worker, 287 
941, 4xxi/resonances, 399 
942, itutor/chrome-headless, 246 
943, dinhdinhuit/hetinhtoanphanbo, 487 
944, gman99/osxcross-10.11-mingw-w64, 209 
945, airta/agent_base_0_platform, 214 
946, souvik01123/final, 128 
947, jcromanpr/world, 457 
948, cmlapid/mafft, 317 
949, cnab/armbase, 299 
950, jidbyoo/jisang, 492 
951, binderhubovh/ovhbhub-fumitoh-2dmls2018-2ddemo-c32019, 44 
952, futuretechindustries/pgbouncer-kube, 176 
953, awsservicebroker/dynamodb-apb, 173 
954, jisto/ubuntu1404-puppet, 225 
955, jisto/centos7-puppet, 189 
956, binderhubovh/ovhbhub-https-3a-2f-2fbitbucket-2eorg-2fbrezyl-2fcofr-2fsrc-2fmaster-c22f42, 44 
957, binderhubovh/ovhbhub-https-3a-2f-2frisk-2dengineering-2eorg-2fgit-2fnotebooks-2egit-6829f8, 44 
958, binderhubovh/ovhbhub-https-3a-2f-2fframagit-2eorg-2fdebimax-2fcours-2ddebimax-a31fab, 44 
959, binderhubovh/ovhbhub-hunters-2dforge-2dmordor-cf2bad, 25 
960, binderhubovh/ovhbhub-hackingmaterials-2dmatminer-6f2b9d, 44 
961, resin/apalis-imx6-golang, 127 
962, culibraries/celery, 461 
963, cw1031/hello-world, 327 
964, arclupin/get-started, 1 
965, geeta/testxl, 111 
966, mhnyp/alpine-node-setup, 2 
967, gh12128/sywh_api, 123 
968, tonowdock/guillaumeelec, 454 
969, rtrudeau/gowebapp, 441 
970, jcambass/demo-wordfilter, 416 
971, pbevin/wordhord, 425 
972, cenavitatest/cenavita, 151 
973, jsnoopyay/wordfilter, 436 
974, jwtracy/scale, 466 
975, rtrovati/catnip, 451 
976, rtrevino821/ddev_ui, 2 
977, wordian/hello, 1 
978, rtravessini/get-started, 20 
979, kresnahendri/cenayang, 198 
980, cenarioweb/laravel, 37 
981, larsolavk/cenacolo, 247 
982, somayaji1983/dronemanager-gui, 487 
983, rtrevino821/dockercoins_hasher, 28 
984, rtrevino821/dockercoins_webui, 347 
985, gjuljo/wordker, 445 
986, rtrudeau124/get-started, 1 
987, soulmatters/wordhb, 22 
988, raulkite/cena, 21 
989, 80017/cenacle, 487 
990, rtravitz/get-started, 39 
991, pronab/wordknots, 117 
992, giftig/auditorium, 27 
993, hexagonagriculture/python-lambda-deploy, 442 
994, rtrusky/mssql, 25 
995, cenapt/nginx-alpine, 416 
996, rtrobin/tensorrt, 143 
997, glasnostic/jwt-apache-auth, 54 
998, zydiii/wordladder, 9 
999, tonuvarughese/voting-app, 29 
1000, altradimension/jwt-india, 294 
1001, jacksilky13/jwtapp, 2 
1002, ghenze15/workrepository, 1 
1003, xiaoyuguo/final, 25 
1004, holysunxiao/centos-vim-new, 449 
1005, johnskull/kefel, 15 
1006, kefirock/gethenv, 368 
1007, kefiras/ddev-secrets-kube, 48 
1008, saxo/publish-general, 193 
1009, saxtouri/docker-svs, 194 
1010, kefirock/ugc, 107 
1011, kefisher/coe332-s2019-hw6, 451 
1012, kefiras/ddev-service-discovery-kube, 48 
1013, kefliyuksel/accounts, 2 
1014, kefa/kubia, 487 
1015, xiaoyilu/lu-docker-whale, 21 
1016, cheisr/opsschool-jenkins-test-01, 213 
1017, kefeh/mine, 12 
1018, cheis/multi-worker, 2 
1019, holyoaks/get-started, 39 
1020, keffsiba/microblog_prod, 443 
1021, xiaoyuguo/myubuntu, 25 
1022, cheis/multi-server, 2 
1023, cheis/multi-nginx, 30 
1024, treqster/nominatim-postgis, 96 
1025, saxxtech/acadia-deployer, 333 
1026, xiaoyuguo/info_server, 25 
1027, keferoff/jolokia, 208 
1028, sax1johno/cloud9-docker, 467 
1029, abhijitkottur/spring-boot-ws, 486 
1030, xiaoyonga/operation, 350 
1031, holygrailgames/hgs-nginx, 12 
1032, treqster/rabbitmq, 170 
1033, saxofon/wrlinux_builder, 435 
1034, saxix/sentry-localdev, 306 
1035, gizasystems/modon, 379 
1036, khpham/nginx, 433 
1037, alexrgb/sinatra, 271 
1038, docker13972684/ubuntu18-python, 224 
1039, nadeem82a/website_docker_example, 348 
1040, coolsvap/ubuntu-binary-aodh-api, 7 
1041, svillega/docker-whale, 21 
1042, andre1393/bio-print-code, 485 
