1, dry1d/rsync, 2 
2, pascosoftware/education_xenial, 2 
3, dawidopteam13/cas, 85 
4, ricktankard/bio-str-exstra, 85 
5, canopyccfdocker/azure-bosh2-cf, 86 
6, sokkanen/feedback, 1 
7, ovatsia/sdxmenuv2, 6 
8, goos7/rss-page, 90 
9, altermeister/bio-ontology-ontology-tutorial-docker, 66 
10, enjoei/ruby-ci-2.5.1-alpine3.7, 10 
11, chavon/binco-app, 4 
12, misenko/bio-class-gaa, 2 
13, biocontainers/bio-tradis, 57 
14, biocontainers/bio-rainbow, 57 
15, kaikousa/hello, 22 
16, enjoei/ruby-2.4.2, 10 
17, jgredecka/bio782p, 27 
18, enjoei/ruby-2.5.1, 10 
19, enjoyithub/enjoy_oa_api, 3 
20, rturner92/bio782p, 27 
21, misenko/bio-class-age, 2 
22, resolwe/bio-linux8-resolwe-preview, 2 
23, resolwe/bio-linux8-resolwe, 2 
24, enjoyithub/enjoy_identityserver, 3 
25, mayconfsbrito/bio-php-fpm-prod, 69 
26, starz/esp-rtos, 19 
27, mayconfsbrito/bio-php-fpm-dev, 69 
28, fridamsh/get-started, 12 
29, icra2018/bio-ik, 97 
30, enjoythestream/mysql, 68 
31, lucj/alpine-curl, 22 
32, fgoebels/bio-epic, 70 
33, lucj/curl, 22 
34, lucj/kernelci-log, 37 
35, lucjohnson/catnip, 74 
36, fridapolished/node, 26 
37, vijayshilekar/bio-hrms, 31 
38, enjoei/ruby, 10 
39, jawhhcib/bio-ontology-tut.v0.1, 66 
40, enjoythestream/store_gitlab, 18 
41, fridel/java, 94 
42, dgirish/bio-notebook, 55 
43, lucj/sophia.events, 15 
44, lucj/jq, 61 
45, moinfar/bio-py-base, 6 
46, enjeyw/sempo-circleci-prebuild, 6 
47, lucj/iot-collector, 54 
48, moinfar/bio-deep-python, 44 
49, kr7ysztof/keycloak-it, 89 
50, klyno/friday.horse, 88 
51, lucj/labs, 15 
52, bromberglab/bio-node-webserver, 37 
53, enjoythestream/logdata, 18 
54, enjoei/imgproxy-base, 61 
55, heliumdatacommons/bio-tools, 94 
56, onlybelter/bio-info, 2 
57, fridon/sentiment-analysis-frontend, 32 
58, fridewald/get-started, 12 
59, daisuke88/bio-rocker, 27 
60, enjoyithub/enjoy-crm30-customer-service, 3 
61, lucj/message-app, 11 
62, fridex/thoth-solver-fc27-2, 77 
63, enjoythestream/nginx, 68 
64, fridex/thoth-solver-fc27-1, 77 
65, enjoyithub/enjoy-crm30-api-service, 3 
66, qba73/fridaydemo, 48 
67, rahmnathan/fridge-manager, 85 
68, lucjanbucher/streuner-server, 24 
69, lucj/db-op, 6 
70, enjoythestream/dbdata, 18 
71, enjoyithub/enjoy-crm30-service-service, 3 
72, lucj/messages, 4 
73, enjoyithub/enjoy-crm30-card-service, 3 
74, enjoyithub/enjoy-crm30-datacenter-service, 3 
75, forekshub/mongodb-mms-agent, 97 
76, lucj/iot-simulator, 22 
77, fridaytech/udex-app-web, 26 
78, lincstack/fridolean, 16 
79, arullaldivakar/kafka-monitor, 94 
80, madhurireddy/bio-image, 20 
81, seannguyen/maildog-build-base, 20 
82, bromberglab/bio-node-docs, 78 
83, enjoythestream/store-store, 18 
84, lucj/kernelci-proxy-backend, 15 
85, lucj/dct, 2 
86, enjoyithub/enjoy-crm30-global-service, 3 
87, enjoei/ruby-2.5.0, 10 
88, fridayisgood/test, 29 
89, enjoythestream/blog_transgeneracional, 31 
90, gkarnati/maildev, 4 
91, lucj/nodebb, 54 
92, enjaybaze/cory_aspcore, 3 
93, fridel/custum_jenkins, 20 
94, mayconfsbrito/bio-php-cli-prod, 69 
95, frifos/kafkaproducertest, 20 
96, bbencivenga/maildev, 4 
97, psalguero/bio-host, 40 
98, acrinklaw/bio-arc, 97 
99, lucj/shell, 22 
100, lucj/chinese-practice, 74 
101, enjelastic/ubuntu, 55 
102, frifos/dc-todo-api, 4 
103, cassianoalves/bio-sonar, 85 
104, enjoythestream/blog_transgeneracional_data, 18 
105, fridel/my-fisrtimage, 95 
106, enjoydocker/gatos, 73 
107, lucj/swarm-rafttool, 0 
108, lucj/my-alpine, 22 
109, krishnadasari610/bio-config-setup, 1 
110, mesterlum/bio-fake-api, 0 
111, mseoss/elasticsnapshot, 0 
112, aleixsanchis/elasticspark, 2 
113, lidocker/fridge, 2 
114, enjoy1work/jhubresearch, 2 
115, lucj/www.sophia.events, 15 
116, lucj/api.sophia.events, 54 
117, illumination27/bio-notebook, 55 
118, lucj/trustedubuntu, 2 
119, frifos/node-api, 4 
120, frifos/dc-coffee-api, 4 
121, lucj/autopilotpattern-mongodb, 31 
122, enjoyithub/enjoy-crm30-coupon-service, 3 
123, enjoyithub/enjoy-crm30-market-service, 3 
124, enjoyithub/enjoy-crm30-cardstock-service, 3 
125, frifos/acdc-2019-node, 4 
126, lucj/autopilotpattern-rabbitmq, 64 
127, rapiscansystems/bio-app, 1 
128, bromberglab/bio-node-webclient, 78 
129, alexwitt23/trt_base, 1 
130, awjh/vehicle-manufacture-iot-extension-manufacturer, 26 
131, enkimichel/instagras-commentaire-ws, 81 
132, 4reallive/trtl-daemon, 19 
133, lucro/drone-slack, 61 
134, dcedev/sat-mono_server_load-balancer, 32 
135, yeonghunnam/kafka-zookeeper-0-8, 97 
136, yeongjoon/ner, 33 
137, lucro/drone-sftp-cache, 61 
138, lucro/drone-ecr, 27 
139, kumarsarath588/larvel-demo, 94 
140, qbeseguros/vehiculos, 36 
141, lucpas/fibo-worker, 26 
142, lucro/rails-build, 10 
143, deepshi/trtlab2, 33 
144, lucperkins/strato, 48 
145, lucro/image-deployer, 84 
146, lucpas/fibo-nginx, 32 
147, lucperkins/purple-http, 48 
148, arifb/trtml, 29 
149, osehra/vehu6, 42 
150, trtruscott/linux_tweet_app, 93 
151, yeonasvt/jhipster-project, 20 
152, charlescheung/trt, 75 
153, awjh/vehicle-manufacture-iot-extension-insurer, 26 
154, enko/py37_centos7, 94 
155, paulohenrique/webserver, 2 
156, friism/reverse_proxy, 40 
157, friie/php-apache-pdo, 43 
158, olliwu/mailhog, 58 
159, ezhang/mailhog, 58 
160, leowmjw/example-app, 64 
161, bitanmi/parse-dashboard, 5 
162, friie/server, 67 
163, bitanmi/apache, 5 
164, bitami/moodle, 5 
165, bitami/kafka, 5 
166, friie/angular-full-stack, 16 
167, mailjky/ubuntulogin, 72 
168, bitami/nginx, 5 
169, skexcel/config-repo_jdk-base, 22 
170, yepez1997/catnip, 6 
171, bitami/jasperreports, 5 
172, bitanmi/symfony, 5 
173, rcemedien/mailhog, 58 
174, yepez1997/alectiowebsite2.0, 40 
175, tr3e/pwnbox, 19 
176, jeisfeld/mailhost, 97 
177, yubo1314/zabbix-agent, 39 
178, lucx15/get-started, 12 
179, lucvk/nodeapp, 4 
180, smilingtriton/sinatra-demo, 20 
181, tomoncle/phpmyadmin, 24 
182, msfidelis/example-api, 61 
183, xyzzhangfan/qflow, 29 
184, mailjky/ubuntu-withnodejs, 29 
185, enkelli/demo, 12 
186, dinhaidang/postgres-multi-db, 31 
187, yepaoxixi/blog, 20 
188, kbaland/mailhog, 69 
189, luczumtaugwald/wahlzeit, 85 
190, tcftcf/mysql, 31 
191, steven0129/fasttext, 29 
192, bitami/magento, 5 
193, dios71/renta-car, 20 
194, friis01/kubia, 16 
195, enkuwende/yada-frontend, 75 
196, bitami/mariadb, 5 
197, friism/mvc-on-lyra, 3 
198, friism/lcowtest, 56 
199, tr3sk/prestashop, 43 
200, friitas/airbnb-server, 81 
201, bitami/dokuwiki, 5 
202, atomistplay/tr3, 20 
203, josuefernandezm/mailj, 2 
204, yepez1997/platform-frontend, 32 
205, enkyklios/julia, 85 
206, yepeilong/koa-demo, 16 
207, friie/angular4, 4 
208, bitami/cassandra, 5 
209, bitami/mongodb, 5 
210, moonlight165/wei_openpose, 33 
211, joberdick/example-apiserver, 4 
212, enkuwende/mozi_jenkins, 62 
213, bitami/kube-state-metrics, 5 
214, yepeigen/nginxdemo, 40 
215, roustem/mailjob, 51 
216, prodpark/mailjet-proxy, 14 
217, standard8/example-addon-repo-functional, 98 
218, friis01/catnip, 6 
219, bitanmi/kubeapps-apprepository-controller, 5 
220, yeppao/react-test, 81 
221, friirine2010/centosgit, 94 
222, enkuwende/opencog, 62 
223, bitami/phpmyadmin, 5 
224, enkuwende/annotation_service, 62 
225, rockday/tensorflowgpu_jupyterlab, 33 
226, muhgumus/serve, 4 
227, huayiwang/tr3, 6 
228, veiasai/kafka-stream-monitor, 75 
229, atomistplay/tr5, 20 
230, bitami/nginx-ingress-controller, 5 
231, kristoyoyo/mailjet-sender, 6 
232, veitveit/prolineworkflow, 44 
233, yepez1997/alectio-website, 40 
234, 1tjz9agitbtba/tr7luj9se8jb, 28 
235, bitami/wordpress, 5 
236, bitami/suitecrm, 5 
237, atomistplay/tr9, 20 
238, veill/spark-2.1.1-bin-hadoop2.6, 20 
239, yepez1997/kubia, 16 
240, bitanmi/rails, 5 
241, 1tjz9agitbtba/tr7luj1se8jb, 28 
242, yepa2342/kevainer, 91 
243, 1tjz9agitbtba/tr7luj9se9pu, 33 
244, atomistplay/tr7, 20 
245, tweedybirdloc/example-app, 0 
246, bitanmi/nginx, 5 
247, mailnsa/test_git, 55 
248, maliaga/example-angular, 14 
249, arwin/example-app, 0 
250, alexandregama/mailler, 20 
251, enkidu/python_httrack, 6 
252, tr72kaka/get-started, 13 
253, veikedo/my_project, 13 
254, bitanmi/grafana, 5 
255, 1tjz9agitbtba/tr7luj1se9pu, 33 
256, bitanmi/redmine, 5 
257, frijolsaltarin/docker-whale, 21 
258, enkejill/get-started, 12 
259, idanshahar/example-app, 16 
260, bitami/osclass, 5 
261, bitanmi/keycloak-gatekeeper, 5 
262, yepinf/golang, 0 
263, bitandbang/step-by-step-express-workshop, 4 
264, veikedo/hello-node, 11 
265, bitami/consul, 5 
266, veimox/qtc, 55 
267, standard8/example-addon-repo-lint, 98 
268, yepinf/metricbeat, 94 
269, veitveit/polystest, 74 
270, daniellalancette/my-php-image, 41 
271, jokejdev/tr_odoo_10, 19 
272, luib/stocks, 54 
273, ripcordengineering/enketo_express, 18 
274, bitami/testlink, 5 
275, rpuscasu/yep-client, 14 
276, bitami/phabricator, 5 
277, bitami/acmesolver, 5 
278, yepinf/kibana, 94 
279, veiv/cloudcomputinggroup40, 4 
280, nilster/saga, 75 
281, tsbc520/helloworld, 37 
282, enkeys/ansible-lint, 37 
283, luijo265/ubuntu_test, 29 
284, bitami/discourse, 5 
285, frilansfinansse/cypress, 85 
286, lbaeumer/luijenkins, 20 
287, tsbrooks/astronaut-finder, 37 
288, thomasr/example-app, 37 
289, shalabi/node-example, 16 
290, luijo265/ubuntu_builder, 6 
291, veimis/node-test-app, 4 
292, frillizard/octoshark-timestamp, 4 
293, frilansfinansse/php-laravel, 43 
294, luinz/get-started, 12 
295, caifenglucky/frilo, 12 
296, sigmadev/example-a, 49 
297, veily/liwei, 40 
298, mailpostman/linux_tweet_app, 93 
299, bitdharma/monero, 75 
300, mailprobe/get-started, 12 
301, veiwan/alpine-glibc, 34 
302, tsbonde/dockerimage_tomcat8, 20 
303, frilli31/database-designazioni, 31 
304, iflyplane/tsbot, 97 
305, stvmeister/tsb-gib-java, 72 
306, bitdron/s2i-php-container, 39 
307, veioenza/myrepo, 6 
308, frilansfinansse/rollback, 61 
309, veimung/es-scylladb, 94 
310, frillizard/octoshark-users, 4 
311, esquiregh/enketo_express, 18 
312, sdtim/testing, 95 
313, mlemanski/docker-whale, 21 
314, veilig2000/page-hit-counter, 20 
315, bitdeep/mnc_bih, 74 
316, kid75/example-app, 16 
317, rkostin/example-app, 73 
318, luipugs/kubia, 16 
319, mailpostman/linux_tweer_app, 93 
320, peterzan/docker-whale, 21 
321, codecloppers/mailpile, 47 
322, yermbiz/api, 16 
323, tsbc520/python, 94 
324, stvmeister/tsb-gib-node, 72 
325, luirro777/nginx_modificado, 32 
326, luirro777/probando, 12 
327, stcarolas/enki, 85 
328, filiptepper/dynamodb-inmemory, 36 
329, dceagle/get-started, 13 
330, sidhshar/example-auth-productpage-v1, 4 
331, hieulq/mailproxy, 37 
332, bitdegree99/get-started, 12 
333, luipugs/git-sync, 22 
334, yerodriguez/keycloak, 89 
335, veilance/get-started, 12 
336, yerzhanserikbay/simple-http, 81 
337, luiryan/helloalpine, 37 
338, bitdivision/go-build-dind, 97 
339, aveken/enko_nls_forecast, 53 
340, luipozdel/acme-shout, 36 
341, djwhatle/tsb-operator, 50 
342, bitdharma/etc-pool, 46 
343, luirro777/crud, 6 
344, luiryan/hw3small, 37 
345, veiasai/kafka-console, 20 
346, tsb6670/bulletinboard, 16 
347, veiasai/olog-simulator, 20 
348, fabianvf/tsbo, 50 
349, luiryan/hw3large, 55 
350, pressly/raml2html, 85 
351, luirangel/python-hello-world, 37 
352, gobountz/enki-test-api, 85 
353, yerlandinata/energizer-devops-alpine, 74 
354, veinardvos/docker_with_docker, 97 
355, navikt/veiviserarbeidsgiver, 20 
356, camboio/tsb-web-app, 4 
357, luipozdel/acme-shout-state, 31 
358, pipo02mix/example-app, 4 
359, luirangel914/react-docker, 81 
360, spendbch/bitdb, 81 
361, bitdharma/xmr-pool-frontend, 35 
362, navikt/veilarbdemo, 20 
363, enlinxu/db, 91 
364, djwhatle/tsb-op, 50 
365, mesosphere/net-toolbox, 92 
366, vietlq/enki-login-base, 16 
367, luipugs/fortune, 22 
368, yeriomin/play-store-token-dispenser, 20 
369, pd3chae/tsbld, 28 
370, chanhlv93/tsb-frontend, 35 
371, yerick81/cheers2019, 58 
372, tomegathericon/mailpile, 2 
373, dcelli/get-started, 13 
374, dymurray/bitd-operator, 50 
375, yerome27/server-nodejs-backend, 11 
376, yeroo/transmission-telegram, 46 
377, tmacro/mailpile, 47 
378, maritxis2017/bitdefender, 4 
379, veiasai/tiger, 2 
380, veiasai/kafka, 36 
381, veinya/lyftlimiter, 48 
382, villy393/mailpile_docker_debug, 47 
383, luirro777/ubuapache, 1 
384, dcedev/sat-mono_client, 14 
385, luirro777/ubu_apache, 29 
386, matthiasbaldi/node-demo, 81 
387, bitdocker1/docker-demo, 11 
388, enlinxu/com.vmturbo.cost.component, 17 
389, redisbench/tsbs, 0 
390, yerok/docker-webrtc-turnserver, 18 
391, yernyee/yyrepo, 95 
392, enlinxu/kafka, 23 
393, luirangel/node-replicas, 26 
394, as65342/mailpile, 47 
395, bitdust/app1, 72 
396, dcesiel/docker-whale, 21 
397, achungbt/bitdemo, 3 
398, spendbch/bitd, 16 
399, stevecliff/mailpile, 47 
400, luit0101/report-run, 20 
401, enlinxu/action-orchestrator, 17 
402, kevinlyspie/example-api, 56 
403, yerevann/camr, 19 
404, enlinxu/com.vmturbo.repository-component, 17 
405, enlinxu/auth, 17 
406, luirangel/greeting, 85 
407, timescaledev/tsbs, 61 
408, enlinxu/com.vmturbo.plan.orchestrator, 17 
409, enlinxu/com.vmturbo.history, 17 
410, enlinxu/com.vmturbo.group, 17 
411, veknet/tfaas, 52 
412, srho1/mailpostas, 75 
413, dcedev/sat-mono_server1, 81 
414, tsdeng/get-started, 95 
415, frimeur001/240-simulator, 72 
416, tsdev/ubuntuchrometesseract, 74 
417, veknet/das2go, 52 
418, cvcloud/example-application, 93 
419, frime/2log-buildenv, 85 
420, yerawarsc/oss, 43 
421, enlipleai/pytorch, 1 
422, enlinxu/com.vmturbo.api.component, 17 
423, luit0101/email, 20 
424, godjiong/example-app-operator, 61 
425, bitfusionio/flex-cuda, 33 
426, bitflipsoftware/blazeroot, 46 
427, bitfusionio/flex-bench-tf-cnn, 33 
428, enlinxu/kubeturbo, 48 
429, qbradq/example-build, 85 
430, veksi/veikko_tomcat8, 36 
431, yesudasmallipeddi/soa_12.2.11.3.0, 59 
432, polarsquad/example-backend, 16 
433, levrado1/tsdb-ingest-function, 46 
434, dvetter/game-of-life, 35 
435, veknet/mlaas4hep, 66 
436, yesodweb/warp, 2 
437, rampb/tsdemo, 81 
438, frinx/sbe-nginx-proxy-17-07, 8 
439, tisi/example-backend, 4 
440, luiztomaz/express, 81 
441, sin668/example-build-demo, 46 
442, frinx/sbe-jenkins-ssh-slave, 20 
443, deanshelton913/example-business-logic, 4 
444, frinx/sbe-nginx-17-07, 8 
445, frinx/sbe-apacheds-17-07, 75 
446, frinxci/sbe-nginx-proxy-x2, 8 
447, veknet/acdcserver, 52 
448, mailtop/golang-glide, 46 
449, luizalabs/slugbuilder, 85 
450, detrickl/dcgs-rocketchat-mongodb, 75 
451, luizalabs/teresa, 1 
452, yesudasmallipeddi/soa_12.2.1.3.0, 59 
453, veknet/t0wmadatasvc, 52 
454, yesuprelease/tensorflow-serving, 19 
455, enlinxu/com.vmturbo.mediation.appdynamics.component, 17 
456, bitfish/ansible-playbook, 61 
457, bitflingr/alpine-node, 85 
458, enlinxu/com.vmturbo.mediation.netapp.component, 17 
459, enlinxu/com.vmturbo.mediation.hds.component, 17 
460, enlinxu/com.vmturbo.mediation.apm.wmi.component, 17 
461, enlinxu/com.vmturbo.mediation.appinsights.component, 17 
462, frinx/sbe-nginx-x4, 8 
463, friscop3t3/multi-worker, 4 
464, sammy666/bithunter_service, 56 
465, friskyi/darkface, 33 
466, vemcompy/authentication-api, 6 
467, maurice94/bithela-backend, 24 
468, luizao/ci-builder, 4 
469, vemmadi88/debian2, 97 
470, trulede/dcind, 61 
471, maurice94/bithela-admin, 24 
472, vemuladocker/docker-whale, 21 
473, dciangot/metric, 94 
474, bithashisaka/allocator-service, 38 
475, ultimateboy/example-dockerfile-http, 35 
476, tknpoon/mail2telegram, 19 
477, tshepitko/nginx, 2 
478, sammy666/bithunter_frontend, 93 
479, forsyphilis/price-checker-telegram-bot, 4 
480, dciacoe/javahelloworld, 2 
481, luizcarlosfaria/varnish, 53 
482, dciangot/dodas-operator, 10 
483, enmasseproject/iot-gc, 91 
484, enmasseproject/iot-proxy-configurator, 91 
485, enmasseproject/kafka-connect-s2i, 23 
486, seanable/example-dockerfile-http, 35 
487, dciangot/lookup, 12 
488, yetison/kubia, 16 
489, vemmadi88/testv1, 43 
490, frisoft/wugapp, 3 
491, vemcompy/jnlp-slave, 20 
492, nodemasters/bithost, 74 
493, enmasseproject/iot-device-registry-file, 94 
494, networknt/example-database, 63 
495, vemmadi88/wesbite, 15 
496, mail4dy/hello-gbdx-docker-image, 19 
497, vemmadi88/debian, 97 
498, bitjourney/plantuml-service, 20 
499, yubang/base_python2_web_api, 61 
500, vemundfredriksen/theia_potholes, 33 
501, friskfisk/osm-processor, 97 
502, pataimages/tshark-2.6.3, 97 
503, vemahendran/get-started, 12 
504, vemmadi88/static-site1, 15 
505, vemuruadi/python-start, 12 
506, vembubalaji/composeapp, 37 
507, yetma/medu-nginx, 15 
508, steve21168/example-docker-node-app, 2 
509, merovin/example-dotnetcore-new3, 56 
510, luizalabs/prometheus, 96 
511, networknt/example-demo, 63 
512, vembubalaji/demoapp1, 20 
513, yetisolution/cron-ui-rpi, 85 
514, vemgiovannivecchi/get-started, 95 
515, yetanothercandidate/analysis-report, 20 
516, spikobg/example-db, 83 
517, sigmadev/example-d, 49 
518, vemanath/vemanath.kotamreddy_tomcat8, 20 
519, frishi/analytics-service, 26 
520, yetest/learn, 95 
521, dcizal/node-test, 11 
522, luizp/get-started, 37 
523, vemonet/markdown-toc-generator, 97 
524, dciangot/probe, 22 
525, tshepotema/ringa, 2 
526, cgrant/example-dockerfile-http, 35 
527, dciobanu/java, 2 
528, frismaury/pybanca, 34 
529, skwasiborski/example-dotnet, 3 
530, enmand/hlnr-test, 93 
531, tshev/cryptofeed, 6 
532, bitjourney/elasticsearch-ci, 61 
533, enmasseproject/qdr-proxy-configurator, 91 
534, enmasseproject/kafka-base, 23 
535, mastamark/yet_another_web_engine_combo, 43 
536, vemundfredriksen/testrepo, 6 
537, enmai1988/techstarter, 16 
538, pd3chae/tsjava, 28 
539, nagamsathish/fristimage, 2 
540, dciangot/sosc2018myapp, 12 
541, luizperes/snes, 97 
542, yeungzed/nearby_frontend, 93 
543, yeunghiepdu/docker-whale, 21 
544, vemular1/node-test, 16 
545, vemuri324/get-started, 13 
546, vemareddyt/bujji, 36 
547, vemulapalliarun/docker-sample, 12 
548, frismaury/ipos-api, 26 
549, yeungdb/marsyas, 2 
550, jimzim/example-dockerfile-http, 35 
551, dciangot/im-operator, 10 
552, frisys2017/my-first-repo, 55 
553, friskfisken/myfirstapp, 73 
554, tsloughter/erlang-alpine, 85 
555, yeuem1vannam/ruby, 20 
556, vemark/php-fpm-oci8, 69 
557, yeus/ros2, 90 
558, bitlogicos/gitlab-ssh, 61 
559, vemuri4mounika/student_service, 20 
560, vempativineesha/ubuntu-nodejs, 11 
561, frismaury/alpine-mongodb, 22 
562, vemalababu/vweb100, 37 
563, frisimos/docker-registry-aws, 75 
564, gcrxio/example-dns-frontend, 74 
565, bitladen/bitladen-jobs, 41 
566, aseyori/frist-image, 95 
567, vemundmr/worker, 30 
568, yeungzed/weshop_backend_django, 37 
569, fritzblignaut/ppreports, 3 
570, bitlayer/td-ci, 22 
571, yewango0/qury-splash-0.0.1, 75 
572, friti/pepa, 16 
573, mainak2310/gfts-demo, 94 
574, yewlong/marathon-lb, 70 
575, yeweiandy/dockerwrite, 2 
576, mainak90/img-replicator, 6 
577, yewhuat/cmdbuild, 36 
578, ngebremedhin/vepgrcm38, 80 
579, mainakmandal/callerservice, 20 
580, ennovarplayerone/clock_it_api, 74 
581, hiprabhat/example-go, 46 
582, vasyakrg/nginx, 32 
583, dckrtstr/get-started, 13 
584, fritterdonut/dockertest, 30 
585, mattau/vep, 80 
586, mainah/ubuntu_with_vim, 55 
587, mainakmandal/callme-service, 20 
588, friveros/darkvision2, 67 
589, jsavargas/process-flac, 1 
590, nicolerenee/example-go, 46 
591, dckrt2sy/amazon-ecs-sample, 68 
592, yexf/centos7-base, 42 
593, tqhuy812/tsp, 2 
594, yexm1018/auth-srv, 9 
595, vespakoen/tiles, 54 
596, tiagocm/tsp, 20 
597, mainka/tutorial, 13 
598, luk355/test, 95 
599, kshean/tsp, 94 
600, luk355/get-started, 13 
601, veskot/vcsa65v5, 85 
602, yexianga/test, 29 
603, vesameskanen/pelias-api, 11 
604, luk1684tw/tfserving, 28 
605, vespersio/monitorrent, 37 
606, vesuvius/scientific-notebook, 44 
607, mbgl/7d2403f42e, 53 
608, yiannisgkoufas/nested_docker, 48 
609, yiannisy/docker-whale, 21 
610, yianisn/aservice, 11 
611, tsviel/docker-demo, 11 
612, tsvetkovrb/first-site, 6 
613, tsvgos/laravel-deploy, 69 
614, makeclean/gpucumulus, 91 
615, tsvisk2017/tomcat_https, 36 
616, yiadh/pyapp, 95 
617, tsvenkat/kubectl, 84 
618, makeclean/dagmc-ci-ubuntu-1404, 45 
619, tsveti359/multi-nginx, 93 
620, vexxhost/rally-exporter, 19 
621, tsvetomri/ecap_hello, 12 
622, makeclean/dagmc-ci-fedora-24, 45 
623, makeclean/dagmc-ci-clang, 45 
624, vexxhost/oom-readiness-check, 48 
625, makeclean/dagmc-ci-ubuntu-1604, 97 
626, frodenas/pks-k8s-api-controller, 1 
627, tsvisabo/get-started, 13 
628, tsvgos/blockchain, 81 
629, makeclean/geant4mpi, 45 
630, vexorio/postgres, 31 
631, makeclean/dagmc-ci, 45 
632, standyro/dcos-jenkins-dind-agent, 75 
633, dcornejo/nginx-proxy, 88 
634, aarongary/tsvloader, 2 
635, vexpense/vexpense-base, 44 
636, ibmcloudacademy/dat-hello-world, 1 
637, tsvetelinppetrov/fmi, 20 
638, 3003/tsviewer, 16 
639, frodehus/brigade-api, 48 
640, mesosphere/dcos-flink, 75 
641, vexs/glittergang, 93 
642, yidoukeji/get_start, 12 
643, yiduyangyi/knife, 22 
644, ttbarnes/hello-world, 95 
645, yidev/alpine-nginx-php5-mssql, 24 
646, vibsinglecellnf/scanpy, 6 
647, ttbinh92/testing_docker, 95 
648, yidev/alpine-ssh, 42 
649, froggling/myapp, 29 
650, dcurrotto/dot-net-simple-api, 3 
651, axelspringer/chronos, 75 
652, axelor/aio-erp, 1 
653, imagostorm/hello, 56 
654, imagostorm/hello-world, 35 
655, frojasolis/mydemoapp, 12 
656, enquos/base, 74 
657, frojasc/00firststeps, 13 
658, enquea/svc_usf_example_prod, 6 
659, implantainformatica/service-boleto-emissao-rest, 36 
660, implantainformatica/nginx, 93 
661, gotwasin/example-php-demo, 79 
662, enquiren/debian-stretch, 97 
663, kvasbo/make_me_god_backend, 43 
664, posixlee/make_shorten, 25 
665, implantainformatica/emissao-boleto-rest, 36 
666, dcurso/multi-nginx, 93 
667, trowawayac/make_java, 2 
668, enquos/statsd, 54 
669, dcussen/myfirstapp, 73 
670, vanallenlab/make_combined_maf, 44 
671, vietanhs0817/payment-api, 6 
672, enquiren/node-8.x-stretch, 97 
673, axity/chatbot-app, 56 
674, dcurrotto/nginx-angular, 40 
675, dcurrie/maven-cache, 75 
676, dcurrie/microservice-schedule, 1 
677, ppl521/example-paddle, 19 
678, dcurrotto/dot-net-simple, 3 
679, syeo/make_tensorboard_metadata, 37 
680, dcurrie/microservice-vote-cloudant, 1 
681, dcurrie/microservice-speaker, 1 
682, vietwow/new_jenkins, 20 
683, kvasbo/make_me_god, 43 
684, dcuser7777/catnip, 6 
685, enquos/influxdb, 22 
686, implantainformatica/web-siscafweb, 36 
687, frojoe/multi-strem, 39 
688, frojd/wp-cli-php-7.0, 41 
689, frojd/wp-cli-php-7.2, 41 
690, dstrebel/example-python, 6 
691, implantainformatica/web-rn-gdservices, 36 
692, rtibiocloud/make_gwas_summary_stats, 37 
693, frojd/composer-php-7.2, 41 
694, syeo/make_output_path, 37 
695, bitpod/dev-designerapi, 26 
696, viewdo/dxp-story-cli, 84 
697, testthedocs/ttd-vale, 70 
698, testthedocs/ttd-linkcheck, 22 
699, dcube/get-started, 95 
700, implantainformatica/web-controle-credenciamento, 36 
701, dcurylo/littlesuave, 56 
702, dcurrie/microservice-session, 1 
703, dcull91/hello-world, 12 
704, yieldr/yieldr-dmp-datalab, 20 
705, vifoggy/sidecar-init, 75 
706, frolikoska/node-rethinkdb, 85 
707, vifehe/cram2bam, 18 
708, yigitpolat/webinar, 4 
709, cplckp/example-php, 43 
710, tthnguyen/samtools, 85 
711, manamanmana/ubuntu-std-dev-env, 2 
712, yigewu/gistic, 94 
713, tthttl/get-started, 12 
714, yigalirani2/go-server3, 0 
715, tthttl/petclinic-client, 24 
716, yigalirani2/go-server2, 0 
717, bitpod/pre-instanceproxy, 4 
718, enriquetaso/homer, 65 
719, tthomasdocker/learningrepo, 97 
720, tthttl/visit-service, 94 
721, openmrsinfra/implementation-id, 47 
722, yigitsayan/catnip, 6 
723, tthebst/stock_picker, 6 
724, vifehe/revertbam, 36 
725, enriquetaso/astaire, 65 
726, vifoggy/serviceb, 0 
727, enricofoltran/filesystem-s3-backup, 37 
728, yigalw3/kibana, 31 
729, yigitpolat/newhorizons-frontend, 32 
730, tthomas63/dockerzipbomb_docker-zip-bomb, 1 
731, vifehe/variantevalref, 36 
732, yigityilmaz/multi-server, 26 
733, yigittanverdi/dockercoins_hasher, 10 
734, yigittanverdi/dockercoins_webui, 16 
735, vifehe/bwa, 36 
736, tthayer/fluentd-kubernetes, 74 
737, bitpod/prod-appdesigner, 4 
738, dcycle/browsertesting, 81 
739, bitpod/predev-designerui, 14 
740, dcycle/php-lint, 41 
741, bitpod/preprod-baasinstance, 26 
742, dcycle/pa11y, 81 
743, tthoren/docker-whale, 21 
744, vifoggy/servicec, 0 
745, bitpowder/cpp-alpine, 74 
746, tthai1/helloworld, 95 
747, tthou/test, 12 
748, tthuy/get-started, 12 
749, vifoggy/proxyv2, 92 
750, vifoggy/python_udp_server, 6 
751, vincecr0ft/tthbb-l1, 39 
752, yifzha/azure-application-gateway-kubernetes-ingress, 2 
753, vifehe/gatk4test2, 36 
754, bandura/example-restaurants, 20 
755, tthhee/test, 29 
756, bitpod/prod-designerui, 14 
757, dcycle/drupal-tester, 25 
758, bitpod/pre-python, 37 
759, vifehe/validatesamv2, 36 
760, vifoggy/rudder, 48 
761, tthakur/cmatches-angular, 16 
762, tthomasson/get-started, 12 
763, vifoggy/istio-release-proxy_init, 2 
764, tthebst/stockpicker, 6 
765, tthakur/favouriteservice, 36 
766, bitpowder/android, 75 
767, nlangman/example-result, 54 
768, froland/latex, 37 
769, renatoruis/tthml, 14 
770, tthhee/ubuntu18.04, 55 
771, dcy10000/mysearch, 94 
772, bitpod/preprod-redis, 85 
773, froliol/nginx, 15 
774, tthakur/matchrecommendationservice, 36 
775, frolll1990/kiwi-tcms, 94 
776, vifoggy/nsf-demo-advisor, 12 
777, tthakur/userservice, 36 
778, thattommyhall/tthubuntu, 75 
779, axsauze/seldon-deploy, 55 
780, yifenghg/docker_container, 33 
781, bitpod/prod-instanceproxy, 40 
782, axisconnect/deploymentagent, 61 
783, bitpod/preprod-designerapi, 26 
784, adobe/s3mock, 34 
785, yihengchen/mulit-server, 4 
786, dc4096/simpleservice, 36 
787, manavilai/authsvcv2, 36 
788, manavilai/sba_favouritesvc, 36 
789, frootdock/atlassian-proxy, 88 
790, frootdock/atlassian-crowd, 87 
791, hding/ftps, 71 
792, frootdock/atlassian-jira, 20 
793, ttnppedr/docker-whale, 21 
794, manavtidhan/ubuntu, 29 
795, yifeixudocker/jyb-blockchain-platform, 94 
796, manavilai/sba_ui, 16 
797, manavshrivastava/nginx, 32 
798, frootdock/atlassian-confluence, 87 
799, frootdock/atlassian-bitbucket, 87 
800, yifanlu/allam_homes_analytics, 44 
801, yifeif/tensorflow, 75 
802, vigohe/pcc-web, 24 
803, manavilai/orchestrationsvcv2, 36 
804, r00ta/speedrun001, 29 
805, bitryt/database, 83 
806, manavalanr619/front, 81 
807, yifangma93/movie-recommend-initial, 6 
808, manavtidhan/host, 29 
809, yihzhang/container-sample, 19 
810, manavhwdockerhub/mysql_1, 31 
811, manavilai/sba_eurekasvc, 36 
812, manav50055/first_repo, 29 
813, manavilai/sba_usersvc, 36 
814, antonioyon/example-rust, 20 
815, enricofrigo/javahelloworld, 20 
816, vigneshs28/backend, 6 
817, ttnops/ttn_proxy, 32 
818, yihongwang/janusgraph-server, 20 
819, a10harmony/ui, 7 
820, ttnops/ttn_rnd_web, 32 
821, a10harmony/reporting-engine, 7 
822, bitriseio/docker-bitrise-base-alpha, 29 
823, ttnops/ttn_core, 25 
824, ttnops/ttn_rnd_api, 25 
825, a10harmony/rtp-coordinator, 7 
826, ttnops/ttn_db, 31 
827, bitriseio/docker-android-alpha, 29 
828, a10networks/config-datastore, 7 
829, frooop/ttrss, 79 
830, manavtidhan/mariadb, 83 
831, manavtyagi/machine_learning, 90 
832, ttndfame/java8, 2 
833, synthesis/example-s3-gateway, 73 
834, jpangms/example-sao, 85 
835, squillace/example-spring-boot, 20 
836, viiky/pwa21, 14 
837, ttresse/keeweb-localdb, 22 
838, zs910805/dc-darkvision, 67 
839, aethan/inclass, 15 
840, a12s/gulp, 4 
841, viiky/ib-api_try5, 90 
842, a1academia/amaas-wildfly, 89 
843, a1dutch/football-microservice, 34 
844, deme3us/dc-jl-x3, 75 
845, lowmem0ry/viinet-app-service, 6 
846, viiky/smart, 14 
847, viiky/user, 14 
848, jkitti/inclass8, 2 
849, ewanvalentine/example-service, 51 
850, a12s/app-d7-build, 68 
851, vittsoy/yii2-qr, 43 
852, manicode/jenkins-dind, 20 
853, a10harmony/demoapp, 40 
854, g0vhk/dc-doc-viz, 40 
855, softwaregroup/impl-docker, 26 
856, a10networks/ladc-base, 94 
857, a1996kash/scipy-notebook-gpu, 33 
858, huangliang/example-service, 20 
859, sardeeplearning/viirs-ftp, 6 
860, salaboy/example-service-b, 1 
861, vijaykiran/dbt, 6 
862, bitranch/lcs-build, 74 
863, vijaythilak/my-express, 81 
864, ddazza/slack-notification, 22 
865, frostiq/node-aws, 61 
866, vijos/vj4, 37 
867, vijayan/cp-kafka, 36 
868, a16bitsysop/clamav, 22 
869, manickamsw/sw-jenkins, 20 
870, itocpeterhanssens/example-site, 14 
871, desaiy/example-scratch, 48 
872, a3zzat/risc-v_freertos, 21 
873, a3355566/mysql, 83 
874, maniengg/mastni, 32 
875, frostman/zookeeper, 36 
876, yikaicao/node-express-app, 54 
877, ddamon/base-alpine, 61 
878, ddas55/boot-elk, 34 
879, a3chen/test, 16 
880, maniengineer/secondtime, 20 
881, bittrance/shinken, 85 
882, villalobos98/hgop, 81 
883, a5edevopstuts/arif, 36 
884, shuchitatripathi/friendlyehllo, 95 
885, enwolny/wlp, 75 
886, maniodev/multi-server, 26 
887, manio143/ubuntuair, 29 
888, maniodev/multi-worker, 26 
889, bencarrington07/friendlyello, 12 
890, vishvadocker33/friendlydocker, 12 
891, enwolny/node, 2 
892, tuddman/dbt, 6 
893, tudor1805/docker-dpdk-debug, 97 
894, density25/friendlyello, 12 
895, 8398a7/bitzeny_miner, 2 
896, songhan573/enwiki-solr, 20 
897, maniraj2101/docker-whale, 21 
898, emen/friendlyflask, 13 
899, enwordpass/docker, 55 
900, avni16/friendlyflasknew4, 19 
901, maniregistry/chat, 4 
902, a5135324/test_data_server, 60 
903, a5his/aws-training, 12 
904, a5135324/test_nf2, 60 
905, tudorg/xgo-base, 82 
906, tudoapp/circle-ci, 6 
907, californian/enwiki-test, 4 
908, yingtony/calico-node, 34 
909, manirathnam/newspringboot, 20 
910, a5135324/test_3des_server, 60 
911, maniodev/multi-client, 32 
912, cnmroll/bitzeny-mining, 97 
913, pdiogo/a5a-cpuminer, 74 
914, yinglilu/dcm4che, 19 
915, rectifyfaiz/friendly_driscoll, 31 
916, frontendadminrapidvisa/frontendadminprod, 43 
917, busnellistefano/a_tor_armv7l, 99 
918, ddnirvana/catalyzer-testenv-scaletest, 29 
919, gabeochoa/rdslog-honeycomb, 75 
920, duese/javaimage, 20 
921, metagenlab/diag-pipeline-singularity, 44 
922, jamma/wechat, 4 
923, ziff/notebook, 70 
924, ziosting/ubuntu, 87 
925, wizardofmenlo/test_input, 6 
926, cocoon/basedns, 0 
927, dgpdevops/nginximage, 32 
928, 11838164/mysql5.7-lowercase, 31 
929, 127labs/yakp, 84 
930, mkanoor/manageiq-pods, 86 
931, wuchienhsin01/k8s-demo, 81 
932, khteh/mysql-init, 83 
933, yanxue/citadel, 92 
934, jamesho287/ravintolafit_webapp, 16 
935, fauser78/xellentdockertest, 3 
936, arvindkandhare/localdl, 20 
937, michaelmedford/ztfzapit-nersc, 6 
938, russelljarvis/network_unit_opt, 70 
939, whitestack/odl, 2 
940, derryle/dockercoins_worker, 48 
941, 4xxi/resonances, 74 
942, itutor/chrome-headless, 75 
943, dinhdinhuit/hetinhtoanphanbo, 16 
944, gman99/osxcross-10.11-mingw-w64, 82 
945, airta/agent_base_0_platform, 53 
946, souvik01123/final, 36 
947, jcromanpr/world, 54 
948, cmlapid/mafft, 22 
949, cnab/armbase, 51 
950, jidbyoo/jisang, 31 
951, binderhubovh/ovhbhub-fumitoh-2dmls2018-2ddemo-c32019, 1 
952, futuretechindustries/pgbouncer-kube, 75 
953, awsservicebroker/dynamodb-apb, 50 
954, jisto/ubuntu1404-puppet, 97 
955, jisto/centos7-puppet, 92 
956, binderhubovh/ovhbhub-https-3a-2f-2fbitbucket-2eorg-2fbrezyl-2fcofr-2fsrc-2fmaster-c22f42, 1 
957, binderhubovh/ovhbhub-https-3a-2f-2frisk-2dengineering-2eorg-2fgit-2fnotebooks-2egit-6829f8, 1 
958, binderhubovh/ovhbhub-https-3a-2f-2fframagit-2eorg-2fdebimax-2fcours-2ddebimax-a31fab, 1 
959, binderhubovh/ovhbhub-hunters-2dforge-2dmordor-cf2bad, 18 
960, binderhubovh/ovhbhub-hackingmaterials-2dmatminer-6f2b9d, 1 
961, resin/apalis-imx6-golang, 99 
962, culibraries/celery, 37 
963, cw1031/hello-world, 51 
964, arclupin/get-started, 12 
965, geeta/testxl, 75 
966, mhnyp/alpine-node-setup, 4 
967, gh12128/sywh_api, 20 
968, tonowdock/guillaumeelec, 6 
969, rtrudeau/gowebapp, 46 
970, jcambass/demo-wordfilter, 40 
971, pbevin/wordhord, 20 
972, cenavitatest/cenavita, 75 
973, jsnoopyay/wordfilter, 9 
974, jwtracy/scale, 90 
975, rtrovati/catnip, 6 
976, rtrevino821/ddev_ui, 4 
977, wordian/hello, 12 
978, rtravessini/get-started, 13 
979, kresnahendri/cenayang, 97 
980, cenarioweb/laravel, 41 
981, larsolavk/cenacolo, 75 
982, somayaji1983/dronemanager-gui, 16 
983, rtrevino821/dockercoins_hasher, 10 
984, rtrevino821/dockercoins_webui, 16 
985, gjuljo/wordker, 56 
986, rtrudeau124/get-started, 12 
987, soulmatters/wordhb, 43 
988, raulkite/cena, 21 
989, 80017/cenacle, 16 
990, rtravitz/get-started, 95 
991, pronab/wordknots, 85 
992, giftig/auditorium, 36 
993, hexagonagriculture/python-lambda-deploy, 74 
994, rtrusky/mssql, 2 
995, cenapt/nginx-alpine, 40 
996, rtrobin/tensorrt, 75 
997, glasnostic/jwt-apache-auth, 24 
998, zydiii/wordladder, 29 
999, tonuvarughese/voting-app, 37 
1000, altradimension/jwt-india, 85 
1001, jacksilky13/jwtapp, 4 
1002, ghenze15/workrepository, 12 
1003, xiaoyuguo/final, 2 
1004, holysunxiao/centos-vim-new, 94 
1005, johnskull/kefel, 25 
1006, kefirock/gethenv, 76 
1007, kefiras/ddev-secrets-kube, 51 
1008, saxo/publish-general, 53 
1009, saxtouri/docker-svs, 19 
1010, kefirock/ugc, 76 
1011, kefisher/coe332-s2019-hw6, 6 
1012, kefiras/ddev-service-discovery-kube, 51 
1013, kefliyuksel/accounts, 4 
1014, kefa/kubia, 16 
1015, xiaoyilu/lu-docker-whale, 21 
1016, cheisr/opsschool-jenkins-test-01, 55 
1017, kefeh/mine, 93 
1018, cheis/multi-worker, 4 
1019, holyoaks/get-started, 95 
1020, keffsiba/microblog_prod, 37 
1021, xiaoyuguo/myubuntu, 2 
1022, cheis/multi-server, 4 
1023, cheis/multi-nginx, 32 
1024, treqster/nominatim-postgis, 31 
1025, saxxtech/acadia-deployer, 27 
1026, xiaoyuguo/info_server, 2 
1027, keferoff/jolokia, 75 
1028, sax1johno/cloud9-docker, 11 
1029, abhijitkottur/spring-boot-ws, 20 
1030, xiaoyonga/operation, 39 
1031, holygrailgames/hgs-nginx, 15 
1032, treqster/rabbitmq, 64 
1033, saxofon/wrlinux_builder, 2 
1034, saxix/sentry-localdev, 31 
1035, gizasystems/modon, 20 
1036, khpham/nginx, 1 
1037, alexrgb/sinatra, 86 
1038, docker13972684/ubuntu18-python, 97 
1039, nadeem82a/website_docker_example, 44 
1040, coolsvap/ubuntu-binary-aodh-api, 2 
1041, svillega/docker-whale, 21 
1042, andre1393/bio-print-code, 6 
